iteration,Temperature,DeltaT,minE,maxE,meanE,varE,ESS
0,2.0,-0.001,-17804.4140625,-17804.4140625,-17804.4140625,0.0,128.0
1,1.999,-0.001,-17804.4140625,-17804.4140625,-17804.4140625,0.0,128.0
2,1.9980000000000002,-0.001,-17804.4140625,-17804.4140625,-17804.4140625,0.0,128.0
3,1.9970000000000003,-0.001,-17804.4140625,-17804.4140625,-17804.4140625,0.0,128.0
4,1.9960000000000004,-0.001,-17804.4140625,-17804.4140625,-17804.4140625,0.0,128.0
5,1.9950000000000006,-0.001,-17804.4140625,-17804.4140625,-17804.4140625,0.0,128.0
6,1.9940000000000007,-0.001,-17804.4140625,-17804.4140625,-17804.4140625,0.0,128.0
7,1.9930000000000008,-0.001,-17804.4140625,-17804.4140625,-17804.4140625,0.0,128.0
8,1.9920000000000009,-0.001,-17804.4140625,-17804.4140625,-17804.4140625,0.0,128.0
9,1.991000000000001,-0.001,-17804.4140625,-17804.4140625,-17804.4140625,0.0,128.0
10,1.990000000000001,-0.001,-17804.4140625,-17804.4140625,-17804.4140625,0.0,128.0
11,1.9890000000000012,-0.001,-17804.4140625,-17804.4140625,-17804.4140625,0.0,128.0
12,1.9880000000000013,-0.001,-17804.4140625,-17804.4140625,-17804.4140625,0.0,128.0
13,1.9870000000000014,-0.001,-17804.4140625,-17804.4140625,-17804.4140625,0.0,128.0
14,1.9860000000000015,-0.001,-17804.4140625,-17804.4140625,-17804.4140625,0.0,128.0
15,1.9850000000000017,-0.04067329032258072,-17804.4140625,-17772.40625,-17803.927734375,14.933380126953125,126.01056671142578
16,1.9443267096774208,-0.0799821509599212,-17804.4140625,-17774.125,-17804.177734375,7.110626220703125,127.00042724609375
17,1.8643445587174996,-0.001,-17804.4140625,-17804.4140625,-17804.4140625,0.0,128.0
18,1.8633445587174997,-0.001,-17804.4140625,-17804.4140625,-17804.4140625,0.0,128.0
19,1.8623445587174998,-0.001,-17804.4140625,-17804.4140625,-17804.4140625,0.0,128.0
20,1.8613445587175,-0.001,-17804.4140625,-17804.4140625,-17804.4140625,0.0,128.0
21,1.8603445587175,-0.001,-17804.4140625,-17804.4140625,-17804.4140625,0.0,128.0
22,1.8593445587175002,-0.001,-17804.4140625,-17804.4140625,-17804.4140625,0.0,128.0
23,1.8583445587175003,-0.005835523377704454,-17804.4140625,-17425.66015625,-17801.455078125,1111.9771728515625,127.0
24,1.8525090353397957,-0.001,-17804.4140625,-17804.4140625,-17804.4140625,0.0,128.0
25,1.8515090353397958,-0.07252809431685081,-17804.4140625,-17774.125,-17804.177734375,7.110626220703125,127.00021362304688
26,1.7789809410229451,-0.0669571848150296,-17804.4140625,-17774.125,-17804.177734375,7.110626220703125,127.00010681152344
27,1.7120237562079155,-0.001,-17804.4140625,-17804.4140625,-17804.4140625,0.0,128.0
28,1.7110237562079156,-0.001,-17804.4140625,-17804.4140625,-17804.4140625,0.0,128.0
29,1.7100237562079157,-0.001,-17804.4140625,-17804.4140625,-17804.4140625,0.0,128.0
30,1.7090237562079158,-0.001,-17804.4140625,-17804.4140625,-17804.4140625,0.0,128.0
31,1.708023756207916,-0.001,-17804.4140625,-17804.4140625,-17804.4140625,0.0,128.0
32,1.707023756207916,-4.552265597649891e-05,-18126.748046875,-17774.125,-17806.6953125,813.68505859375,1.0
33,1.7069782335519395,-0.001,-17804.4140625,-17804.4140625,-17804.4140625,0.0,128.0
34,1.7059782335519396,-0.001,-17804.4140625,-17804.4140625,-17804.4140625,0.0,128.0
35,1.7049782335519397,-0.001,-17804.4140625,-17804.4140625,-17804.4140625,0.0,128.0
36,1.7039782335519398,-0.001,-17804.4140625,-17804.4140625,-17804.4140625,0.0,128.0
37,1.70297823355194,-0.001,-17804.4140625,-17804.4140625,-17804.4140625,0.0,128.0
38,1.70197823355194,-0.001,-17804.4140625,-17804.4140625,-17804.4140625,0.0,128.0
39,1.70097823355194,-0.001,-17804.4140625,-17804.4140625,-17804.4140625,0.0,128.0
40,1.6999782335519402,-0.0008384191461977516,-17804.4140625,-15598.4755859375,-17787.1796875,37719.90625,127.0
41,1.6991398144057426,-0.001,-17804.4140625,-17804.4140625,-17804.4140625,0.0,128.0
42,1.6981398144057427,-0.001,-17804.4140625,-17804.4140625,-17804.4140625,0.0,128.0
43,1.6971398144057428,-0.06093823047174684,-17804.4140625,-17774.125,-17804.177734375,7.110626220703125,127.00006103515625
44,1.636201583933996,-0.001,-17804.4140625,-17804.4140625,-17804.4140625,0.0,128.0
45,1.6352015839339962,-0.001,-17804.4140625,-17804.4140625,-17804.4140625,0.0,128.0
46,1.6342015839339963,-0.028486558047278742,-17804.4140625,-17744.505859375,-17803.9453125,27.818363189697266,127.0
47,1.6057150258867174,-0.001,-17804.4140625,-17804.4140625,-17804.4140625,0.0,128.0
48,1.6047150258867175,-0.0544816727654952,-17804.4140625,-17774.125,-17804.177734375,7.110626220703125,127.00001525878906
49,1.5502333531212225,-0.001,-17804.4140625,-17804.4140625,-17804.4140625,0.0,128.0
50,1.5492333531212226,-0.001,-17804.4140625,-17804.4140625,-17804.4140625,0.0,128.0
51,1.5482333531212227,-0.001,-17804.4140625,-17804.4140625,-17804.4140625,0.0,128.0
52,1.5472333531212228,-0.001,-17804.4140625,-17804.4140625,-17804.4140625,0.0,128.0
53,1.546233353121223,-0.001,-17804.4140625,-17804.4140625,-17804.4140625,0.0,128.0
54,1.545233353121223,-0.001,-17804.4140625,-17804.4140625,-17804.4140625,0.0,128.0
55,1.5442333531212231,-0.001,-17804.4140625,-17804.4140625,-17804.4140625,0.0,128.0
56,1.5432333531212232,-0.001,-17804.4140625,-17804.4140625,-17804.4140625,0.0,128.0
57,1.5422333531212233,-0.001,-17804.4140625,-17804.4140625,-17804.4140625,0.0,128.0
58,1.5412333531212234,-0.001,-17804.4140625,-17804.4140625,-17804.4140625,0.0,128.0
59,1.5402333531212236,-0.001,-17804.4140625,-17804.4140625,-17804.4140625,0.0,128.0
60,1.5392333531212237,-0.016894854170818003,-17804.4140625,-17714.69140625,-17803.712890625,62.40019226074219,127.0
61,1.5223384989504056,-0.001,-17804.4140625,-17804.4140625,-17804.4140625,0.0,128.0
62,1.5213384989504057,-0.04896731669979343,-17804.4140625,-17774.125,-17804.177734375,7.110626220703125,127.0
63,1.4723711822506123,-0.001,-17804.4140625,-17804.4140625,-17804.4140625,0.0,128.0
64,1.4713711822506124,-0.04580354445662286,-17804.4140625,-17774.125,-17804.177734375,7.110626220703125,127.0
65,1.4255676377939894,-0.001,-17804.4140625,-17804.4140625,-17804.4140625,0.0,128.0
66,1.4245676377939895,-0.001,-17804.4140625,-17804.4140625,-17804.4140625,0.0,128.0
67,1.4235676377939896,-0.001,-17804.4140625,-17804.4140625,-17804.4140625,0.0,128.0
68,1.4225676377939898,-0.001,-17804.4140625,-17804.4140625,-17804.4140625,0.0,128.0
69,1.4215676377939899,-0.001,-17804.4140625,-17804.4140625,-17804.4140625,0.0,128.0
70,1.42056763779399,-0.001,-17804.4140625,-17804.4140625,-17804.4140625,0.0,128.0
71,1.41956763779399,-0.042635049854349946,-17804.4140625,-17774.125,-17804.177734375,7.110626220703125,127.0
72,1.3769325879396401,-0.001,-17804.4140625,-17804.4140625,-17804.4140625,0.0,128.0
73,1.3759325879396402,-0.001,-17804.4140625,-17804.4140625,-17804.4140625,0.0,128.0
74,1.3749325879396403,-0.001,-17804.4140625,-17804.4140625,-17804.4140625,0.0,128.0
75,1.3739325879396405,-0.001,-17804.4140625,-17804.4140625,-17804.4140625,0.0,128.0
76,1.3729325879396406,-0.001,-17804.4140625,-17804.4140625,-17804.4140625,0.0,128.0
77,1.3719325879396407,-0.001,-17804.4140625,-17804.4140625,-17804.4140625,0.0,128.0
78,1.3709325879396408,-0.001,-17804.4140625,-17804.4140625,-17804.4140625,0.0,128.0
79,1.369932587939641,-0.03753430590998004,-17804.4140625,-17772.40625,-17804.1640625,7.94091796875,127.0
80,1.332398282029661,-0.001,-17804.4140625,-17804.4140625,-17804.4140625,0.0,128.0
81,1.331398282029661,-0.001,-17804.4140625,-17804.4140625,-17804.4140625,0.0,128.0
82,1.3303982820296612,-0.001,-17804.4140625,-17804.4140625,-17804.4140625,0.0,128.0
83,1.3293982820296613,-0.001,-17804.4140625,-17804.4140625,-17804.4140625,0.0,128.0
84,1.3283982820296614,-0.001,-17804.4140625,-17804.4140625,-17804.4140625,0.0,128.0
85,1.3273982820296615,-0.001,-17804.4140625,-17804.4140625,-17804.4140625,0.0,128.0
86,1.3263982820296616,-0.0010024239818790049,-17804.4140625,-16844.03515625,-17795.640625,7272.4853515625,125.0
87,1.3253958580477825,-0.001,-17804.4140625,-17804.4140625,-17804.4140625,0.0,128.0
88,1.3243958580477826,-0.001,-17804.4140625,-17804.4140625,-17804.4140625,0.0,128.0
89,1.3233958580477827,-0.001,-17804.4140625,-17804.4140625,-17804.4140625,0.0,128.0
90,1.3223958580477828,-0.001,-17804.4140625,-17804.4140625,-17804.4140625,0.0,128.0
91,1.321395858047783,-0.036942006239541664,-17804.4140625,-17774.125,-17804.177734375,7.110626220703125,127.0
92,1.2844538518082413,-0.001,-17804.4140625,-17804.4140625,-17804.4140625,0.0,128.0
93,1.2834538518082415,-0.005399449041852513,-17804.4140625,-17669.021484375,-17802.888671875,168.9183349609375,126.0
94,1.278054402766389,-0.003829270168921439,-17804.4140625,-17531.36328125,-17802.28125,577.9213256835938,127.0
95,1.2742251325974674,-3.6842908070256214e-05,-18026.49609375,-17804.4140625,-17806.1484375,382.297607421875,1.0
96,1.2741882896893972,-0.017317928507536974,-17804.4140625,-17744.505859375,-17803.9453125,27.818363189697266,127.0
97,1.2568703611818604,-0.001,-17804.4140625,-17804.4140625,-17804.4140625,0.0,128.0
98,1.2558703611818605,-0.001,-17804.4140625,-17804.4140625,-17804.4140625,0.0,128.0
99,1.2548703611818606,-0.001,-17804.4140625,-17804.4140625,-17804.4140625,0.0,128.0
100,1.2538703611818607,-0.001,-17804.4140625,-17804.4140625,-17804.4140625,0.0,128.0
101,1.2528703611818608,-0.001,-17804.4140625,-17804.4140625,-17804.4140625,0.0,128.0
102,1.251870361181861,-0.001,-17804.4140625,-17804.4140625,-17804.4140625,0.0,128.0
103,1.250870361181861,-0.001,-17804.4140625,-17804.4140625,-17804.4140625,0.0,128.0
104,1.2498703611818611,-0.001,-17804.4140625,-17804.4140625,-17804.4140625,0.0,128.0
105,1.2488703611818612,-0.001,-17804.4140625,-17804.4140625,-17804.4140625,0.0,128.0
106,1.2478703611818613,-0.001,-17804.4140625,-17804.4140625,-17804.4140625,0.0,128.0
107,1.2468703611818615,-0.001,-17804.4140625,-17804.4140625,-17804.4140625,0.0,128.0
108,1.2458703611818616,-0.001,-17804.4140625,-17804.4140625,-17804.4140625,0.0,128.0
109,1.2448703611818617,-0.001,-17804.4140625,-17804.4140625,-17804.4140625,0.0,128.0
110,1.2438703611818618,-0.001,-17804.4140625,-17804.4140625,-17804.4140625,0.0,128.0
111,1.242870361181862,-0.001,-17804.4140625,-17804.4140625,-17804.4140625,0.0,128.0
112,1.241870361181862,-0.001,-17804.4140625,-17804.4140625,-17804.4140625,0.0,128.0
113,1.2408703611818621,-0.001,-17804.4140625,-17804.4140625,-17804.4140625,0.0,128.0
114,1.2398703611818622,-0.001,-17804.4140625,-17804.4140625,-17804.4140625,0.0,128.0
115,1.2388703611818623,-0.001,-17804.4140625,-17804.4140625,-17804.4140625,0.0,128.0
116,1.2378703611818624,-0.001,-17804.4140625,-17804.4140625,-17804.4140625,0.0,128.0
117,1.2368703611818626,-2.7073778824029167e-05,-18089.171875,-17804.4140625,-17806.638671875,628.5390625,1.0
118,1.2368432874030386,-0.032365621264797736,-17804.4140625,-17774.125,-17804.177734375,7.110626220703125,127.0
119,1.2044776661382408,-0.001,-17804.4140625,-17804.4140625,-17804.4140625,0.0,128.0
120,1.203477666138241,-0.001,-17804.4140625,-17804.4140625,-17804.4140625,0.0,128.0
121,1.202477666138241,-0.001,-17804.4140625,-17804.4140625,-17804.4140625,0.0,128.0
122,1.2014776661382411,-0.001,-17804.4140625,-17804.4140625,-17804.4140625,0.0,128.0
123,1.2004776661382413,-0.001,-17804.4140625,-17804.4140625,-17804.4140625,0.0,128.0
124,1.1994776661382414,-0.001,-17804.4140625,-17804.4140625,-17804.4140625,0.0,128.0
125,1.1984776661382415,-0.001,-17804.4140625,-17804.4140625,-17804.4140625,0.0,128.0
126,1.1974776661382416,-0.001,-17804.4140625,-17804.4140625,-17804.4140625,0.0,128.0
127,1.1964776661382417,-0.001,-17804.4140625,-17804.4140625,-17804.4140625,0.0,128.0
128,1.1954776661382418,-0.001,-17804.4140625,-17804.4140625,-17804.4140625,0.0,128.0
129,1.194477666138242,-0.001,-17804.4140625,-17804.4140625,-17804.4140625,0.0,128.0
130,1.193477666138242,-0.001,-17804.4140625,-17804.4140625,-17804.4140625,0.0,128.0
131,1.1924776661382421,-0.001,-17804.4140625,-17804.4140625,-17804.4140625,0.0,128.0
132,1.1914776661382422,-0.001,-17804.4140625,-17804.4140625,-17804.4140625,0.0,128.0
133,1.1904776661382424,-0.001,-17804.4140625,-17804.4140625,-17804.4140625,0.0,128.0
134,1.1894776661382425,-0.001,-17804.4140625,-17804.4140625,-17804.4140625,0.0,128.0
135,1.1884776661382426,-0.001,-17804.4140625,-17804.4140625,-17804.4140625,0.0,128.0
136,1.1874776661382427,-0.001,-17804.4140625,-17804.4140625,-17804.4140625,0.0,128.0
137,1.1864776661382428,-0.001,-17804.4140625,-17804.4140625,-17804.4140625,0.0,128.0
138,1.185477666138243,-0.001,-17804.4140625,-17804.4140625,-17804.4140625,0.0,128.0
139,1.184477666138243,-0.001,-17804.4140625,-17804.4140625,-17804.4140625,0.0,128.0
140,1.1834776661382431,-0.001,-17804.4140625,-17804.4140625,-17804.4140625,0.0,128.0
141,1.1824776661382432,-0.001,-17804.4140625,-17804.4140625,-17804.4140625,0.0,128.0
142,1.1814776661382433,-0.001,-17804.4140625,-17804.4140625,-17804.4140625,0.0,128.0
143,1.1804776661382435,-0.001,-17804.4140625,-17804.4140625,-17804.4140625,0.0,128.0
144,1.1794776661382436,-0.001,-17804.4140625,-17804.4140625,-17804.4140625,0.0,128.0
145,1.1784776661382437,-0.001,-17804.4140625,-17804.4140625,-17804.4140625,0.0,128.0
146,1.1774776661382438,-0.0038748049725886202,-17804.4140625,-17575.404296875,-17802.625,406.52252197265625,127.0
147,1.1736028611656553,-0.001,-17804.4140625,-17804.4140625,-17804.4140625,0.0,128.0
148,1.1726028611656554,-0.001,-17804.4140625,-17804.4140625,-17804.4140625,0.0,128.0
149,1.1716028611656555,-0.0003982312280809574,-17804.4140625,-15598.4755859375,-17787.1796875,37719.90625,127.0
150,1.1712046299375745,-0.001,-17804.4140625,-17804.4140625,-17804.4140625,0.0,128.0
151,1.1702046299375746,-0.001,-17804.4140625,-17804.4140625,-17804.4140625,0.0,128.0
152,1.1692046299375747,-0.001,-17804.4140625,-17804.4140625,-17804.4140625,0.0,128.0
153,1.1682046299375748,-0.001,-17804.4140625,-17804.4140625,-17804.4140625,0.0,128.0
154,1.167204629937575,-0.001,-17804.4140625,-17804.4140625,-17804.4140625,0.0,128.0
155,1.166204629937575,-0.001,-17804.4140625,-17804.4140625,-17804.4140625,0.0,128.0
156,1.1652046299375751,-0.001,-17804.4140625,-17804.4140625,-17804.4140625,0.0,128.0
157,1.1642046299375752,-0.001,-17804.4140625,-17804.4140625,-17804.4140625,0.0,128.0
158,1.1632046299375753,-0.001,-17804.4140625,-17804.4140625,-17804.4140625,0.0,128.0
159,1.1622046299375755,-0.001,-17804.4140625,-17804.4140625,-17804.4140625,0.0,128.0
160,1.1612046299375756,-0.028528051677904648,-17804.4140625,-17774.125,-17804.177734375,7.110626220703125,127.0
161,1.1326765782596708,-0.001,-17804.4140625,-17804.4140625,-17804.4140625,0.0,128.0
162,1.131676578259671,-0.001,-17804.4140625,-17804.4140625,-17804.4140625,0.0,128.0
163,1.130676578259671,-0.02556859049249996,-17804.4140625,-17772.40625,-17804.1640625,7.94091796875,127.0
164,1.105107987767171,-0.001,-17804.4140625,-17804.4140625,-17804.4140625,0.0,128.0
165,1.1041079877671711,-0.001,-17804.4140625,-17804.4140625,-17804.4140625,0.0,128.0
166,1.1031079877671712,-0.001,-17804.4140625,-17804.4140625,-17804.4140625,0.0,128.0
167,1.1021079877671713,-0.001,-17804.4140625,-17804.4140625,-17804.4140625,0.0,128.0
168,1.1011079877671714,-0.001,-17804.4140625,-17804.4140625,-17804.4140625,0.0,128.0
169,1.1001079877671716,-0.001,-17804.4140625,-17804.4140625,-17804.4140625,0.0,128.0
170,1.0991079877671717,-0.001,-17804.4140625,-17804.4140625,-17804.4140625,0.0,128.0
171,1.0981079877671718,-0.001,-17804.4140625,-17804.4140625,-17804.4140625,0.0,128.0
172,1.0971079877671719,-0.001,-17804.4140625,-17804.4140625,-17804.4140625,0.0,128.0
173,1.096107987767172,-0.001,-17804.4140625,-17804.4140625,-17804.4140625,0.0,128.0
174,1.095107987767172,-0.001,-17804.4140625,-17804.4140625,-17804.4140625,0.0,128.0
175,1.0941079877671722,-0.001,-17804.4140625,-17804.4140625,-17804.4140625,0.0,128.0
176,1.0931079877671723,-0.001,-17804.4140625,-17804.4140625,-17804.4140625,0.0,128.0
177,1.0921079877671724,-0.001,-17804.4140625,-17804.4140625,-17804.4140625,0.0,128.0
178,1.0911079877671725,-0.025187790089929593,-17804.4140625,-17774.125,-17804.177734375,7.110626220703125,127.0
179,1.065920197677243,-0.001,-17804.4140625,-17804.4140625,-17804.4140625,0.0,128.0
180,1.064920197677243,-0.001,-17804.4140625,-17804.4140625,-17804.4140625,0.0,128.0
181,1.0639201976772432,-0.001,-17804.4140625,-17804.4140625,-17804.4140625,0.0,128.0
182,1.0629201976772433,-0.001,-17804.4140625,-17804.4140625,-17804.4140625,0.0,128.0
183,1.0619201976772434,-0.001,-17804.4140625,-17804.4140625,-17804.4140625,0.0,128.0
184,1.0609201976772435,-0.001,-17804.4140625,-17804.4140625,-17804.4140625,0.0,128.0
185,1.0599201976772437,-0.001,-17804.4140625,-17804.4140625,-17804.4140625,0.0,128.0
186,1.0589201976772438,-0.001,-17804.4140625,-17804.4140625,-17804.4140625,0.0,128.0
187,1.0579201976772439,-0.001,-17804.4140625,-17804.4140625,-17804.4140625,0.0,128.0
188,1.056920197677244,-0.001,-17804.4140625,-17804.4140625,-17804.4140625,0.0,128.0
189,1.055920197677244,-0.001,-17804.4140625,-17804.4140625,-17804.4140625,0.0,128.0
190,1.0549201976772442,-0.001,-17804.4140625,-17804.4140625,-17804.4140625,0.0,128.0
191,1.0539201976772443,-0.001,-17804.4140625,-17804.4140625,-17804.4140625,0.0,128.0
192,1.0529201976772444,-0.001,-17804.4140625,-17804.4140625,-17804.4140625,0.0,128.0
193,1.0519201976772445,-0.001,-17804.4140625,-17804.4140625,-17804.4140625,0.0,128.0
194,1.0509201976772446,-0.001,-17804.4140625,-17804.4140625,-17804.4140625,0.0,128.0
195,1.0499201976772448,-0.001,-17804.4140625,-17804.4140625,-17804.4140625,0.0,128.0
196,1.0489201976772449,-0.001,-17804.4140625,-17804.4140625,-17804.4140625,0.0,128.0
197,1.047920197677245,-0.001,-17804.4140625,-17804.4140625,-17804.4140625,0.0,128.0
198,1.046920197677245,-0.001,-17804.4140625,-17804.4140625,-17804.4140625,0.0,128.0
199,1.0459201976772452,-0.001,-17804.4140625,-17804.4140625,-17804.4140625,0.0,128.0
200,1.0449201976772453,-0.006076428352077097,-17804.4140625,-17689.33203125,-17803.515625,102.65530395507812,127.0
201,1.0388437693251682,-0.001,-17804.4140625,-17804.4140625,-17804.4140625,0.0,128.0
202,1.0378437693251683,-0.001,-17804.4140625,-17804.4140625,-17804.4140625,0.0,128.0
203,1.0368437693251684,-0.001,-17804.4140625,-17804.4140625,-17804.4140625,0.0,128.0
204,1.0358437693251685,-0.001,-17804.4140625,-17804.4140625,-17804.4140625,0.0,128.0
205,1.0348437693251686,-0.001,-17804.4140625,-17804.4140625,-17804.4140625,0.0,128.0
206,1.0338437693251687,-0.001,-17804.4140625,-17804.4140625,-17804.4140625,0.0,128.0
207,1.0328437693251689,-0.0029813554636403776,-17804.4140625,-17575.404296875,-17802.625,406.52252197265625,127.0
208,1.0298624138615284,-0.001,-17804.4140625,-17804.4140625,-17804.4140625,0.0,128.0
209,1.0288624138615285,-0.001,-17804.4140625,-17804.4140625,-17804.4140625,0.0,128.0
210,1.0278624138615287,-0.032563891600937145,-17804.4140625,-17795.30859375,-17804.34375,0.6429269313812256,35.75487518310547
211,0.9952985222605915,-0.001,-17804.4140625,-17804.4140625,-17804.4140625,0.0,128.0
212,0.9942985222605915,-0.001,-17804.4140625,-17804.4140625,-17804.4140625,0.0,128.0
213,0.9932985222605915,-0.020874408289852823,-17804.4140625,-17774.125,-17804.177734375,7.110626220703125,127.0
214,0.9724241139707386,-0.004576102387571544,-17804.4140625,-17672.189453125,-17803.380859375,135.52316284179688,127.0
215,0.967848011583167,-0.001,-17804.4140625,-17804.4140625,-17804.4140625,0.0,128.0
216,0.966848011583167,-0.001,-17804.4140625,-17804.4140625,-17804.4140625,0.0,128.0
217,0.965848011583167,-0.01973659253377391,-17804.4140625,-17774.125,-17804.177734375,7.110626220703125,127.0
218,0.9461114190493931,-0.001,-17804.4140625,-17804.4140625,-17804.4140625,0.0,128.0
219,0.9451114190493931,-0.001,-17804.4140625,-17804.4140625,-17804.4140625,0.0,128.0
220,0.9441114190493931,-0.001,-17804.4140625,-17804.4140625,-17804.4140625,0.0,128.0
221,0.9431114190493931,-0.001,-17804.4140625,-17804.4140625,-17804.4140625,0.0,128.0
222,0.9421114190493931,-0.001,-17804.4140625,-17804.4140625,-17804.4140625,0.0,128.0
223,0.9411114190493931,-0.001,-17804.4140625,-17804.4140625,-17804.4140625,0.0,128.0
224,0.9401114190493931,-0.001,-17804.4140625,-17804.4140625,-17804.4140625,0.0,128.0
225,0.9391114190493931,-0.001,-17804.4140625,-17804.4140625,-17804.4140625,0.0,128.0
226,0.9381114190493931,-0.001,-17804.4140625,-17804.4140625,-17804.4140625,0.0,128.0
227,0.9371114190493931,-0.001,-17804.4140625,-17804.4140625,-17804.4140625,0.0,128.0
228,0.9361114190493931,-0.001,-17804.4140625,-17804.4140625,-17804.4140625,0.0,128.0
229,0.9351114190493931,-0.001,-17804.4140625,-17804.4140625,-17804.4140625,0.0,128.0
230,0.9341114190493931,-0.001,-17804.4140625,-17804.4140625,-17804.4140625,0.0,128.0
231,0.9331114190493931,-0.001,-17804.4140625,-17804.4140625,-17804.4140625,0.0,128.0
232,0.9321114190493931,-0.001,-17804.4140625,-17804.4140625,-17804.4140625,0.0,128.0
233,0.9311114190493931,-0.001,-17804.4140625,-17804.4140625,-17804.4140625,0.0,128.0
234,0.9301114190493931,-0.001,-17804.4140625,-17804.4140625,-17804.4140625,0.0,128.0
235,0.9291114190493931,-0.001,-17804.4140625,-17804.4140625,-17804.4140625,0.0,128.0
236,0.9281114190493931,-0.001,-17804.4140625,-17804.4140625,-17804.4140625,0.0,128.0
237,0.9271114190493931,-0.001,-17804.4140625,-17804.4140625,-17804.4140625,0.0,128.0
238,0.9261114190493931,-0.001,-17804.4140625,-17804.4140625,-17804.4140625,0.0,128.0
239,0.9251114190493931,-0.001,-17804.4140625,-17804.4140625,-17804.4140625,0.0,128.0
240,0.9241114190493931,-0.001,-17804.4140625,-17804.4140625,-17804.4140625,0.0,128.0
241,0.9231114190493931,-0.001,-17804.4140625,-17804.4140625,-17804.4140625,0.0,128.0
242,0.9221114190493931,-0.001,-17804.4140625,-17804.4140625,-17804.4140625,0.0,128.0
243,0.9211114190493931,-0.001,-17804.4140625,-17804.4140625,-17804.4140625,0.0,128.0
244,0.9201114190493931,-0.001,-17804.4140625,-17804.4140625,-17804.4140625,0.0,128.0
245,0.9191114190493931,-0.001,-17804.4140625,-17804.4140625,-17804.4140625,0.0,128.0
246,0.9181114190493931,-0.001,-17804.4140625,-17804.4140625,-17804.4140625,0.0,128.0
247,0.9171114190493931,-0.001,-17804.4140625,-17804.4140625,-17804.4140625,0.0,128.0
248,0.9161114190493931,-0.001,-17804.4140625,-17804.4140625,-17804.4140625,0.0,128.0
249,0.9151114190493931,-0.001,-17804.4140625,-17804.4140625,-17804.4140625,0.0,128.0
250,0.9141114190493931,-0.001,-17804.4140625,-17804.4140625,-17804.4140625,0.0,128.0
251,0.9131114190493931,-0.001,-17804.4140625,-17804.4140625,-17804.4140625,0.0,128.0
252,0.9121114190493931,-0.001,-17804.4140625,-17804.4140625,-17804.4140625,0.0,128.0
253,0.9111114190493931,-0.001,-17804.4140625,-17804.4140625,-17804.4140625,0.0,128.0
254,0.9101114190493931,-0.0009599163220530991,-17804.4140625,-17252.1484375,-17800.099609375,2364.168701171875,127.0
255,0.90915150272734,-0.001,-17804.4140625,-17804.4140625,-17804.4140625,0.0,128.0
256,0.90815150272734,-0.001,-17804.4140625,-17804.4140625,-17804.4140625,0.0,128.0
257,0.90715150272734,-0.001,-17804.4140625,-17804.4140625,-17804.4140625,0.0,128.0
258,0.90615150272734,-0.001,-17804.4140625,-17804.4140625,-17804.4140625,0.0,128.0
259,0.90515150272734,-0.001,-17804.4140625,-17804.4140625,-17804.4140625,0.0,128.0
260,0.90415150272734,-0.001,-17804.4140625,-17804.4140625,-17804.4140625,0.0,128.0
261,0.90315150272734,-0.001,-17804.4140625,-17804.4140625,-17804.4140625,0.0,128.0
262,0.90215150272734,-0.001,-17804.4140625,-17804.4140625,-17804.4140625,0.0,128.0
263,0.90115150272734,-0.001,-17804.4140625,-17804.4140625,-17804.4140625,0.0,128.0
264,0.90015150272734,-0.001,-17804.4140625,-17804.4140625,-17804.4140625,0.0,128.0
265,0.89915150272734,-0.001,-17804.4140625,-17804.4140625,-17804.4140625,0.0,128.0
266,0.89815150272734,-0.007323017276381314,-17804.4140625,-17733.765625,-17803.86328125,38.6893310546875,127.0
267,0.8908284854509587,-0.001,-17804.4140625,-17804.4140625,-17804.4140625,0.0,128.0
268,0.8898284854509587,-0.001,-17804.4140625,-17804.4140625,-17804.4140625,0.0,128.0
269,0.8888284854509587,-0.001,-17804.4140625,-17804.4140625,-17804.4140625,0.0,128.0
270,0.8878284854509587,-0.001,-17804.4140625,-17804.4140625,-17804.4140625,0.0,128.0
271,0.8868284854509587,-0.001,-17804.4140625,-17804.4140625,-17804.4140625,0.0,128.0
272,0.8858284854509587,-0.001,-17804.4140625,-17804.4140625,-17804.4140625,0.0,128.0
273,0.8848284854509587,-0.001,-17804.4140625,-17804.4140625,-17804.4140625,0.0,128.0
274,0.8838284854509587,-0.001,-17804.4140625,-17804.4140625,-17804.4140625,0.0,128.0
275,0.8828284854509587,-0.001,-17804.4140625,-17804.4140625,-17804.4140625,0.0,128.0
276,0.8818284854509587,-0.001,-17804.4140625,-17804.4140625,-17804.4140625,0.0,128.0
277,0.8808284854509587,-0.001,-17804.4140625,-17804.4140625,-17804.4140625,0.0,128.0
278,0.8798284854509587,-0.001,-17804.4140625,-17804.4140625,-17804.4140625,0.0,128.0
279,0.8788284854509587,-0.001,-17804.4140625,-17804.4140625,-17804.4140625,0.0,128.0
280,0.8778284854509587,-0.001,-17804.4140625,-17804.4140625,-17804.4140625,0.0,128.0
281,0.8768284854509587,-0.001,-17804.4140625,-17804.4140625,-17804.4140625,0.0,128.0
282,0.8758284854509587,-0.001,-17804.4140625,-17804.4140625,-17804.4140625,0.0,128.0
283,0.8748284854509587,-0.001,-17804.4140625,-17804.4140625,-17804.4140625,0.0,128.0
284,0.8738284854509587,-0.001,-17804.4140625,-17804.4140625,-17804.4140625,0.0,128.0
285,0.8728284854509587,-0.001,-17804.4140625,-17804.4140625,-17804.4140625,0.0,128.0
286,0.8718284854509587,-0.001,-17804.4140625,-17804.4140625,-17804.4140625,0.0,128.0
287,0.8708284854509587,-0.001,-17804.4140625,-17804.4140625,-17804.4140625,0.0,128.0
288,0.8698284854509587,-0.001,-17804.4140625,-17804.4140625,-17804.4140625,0.0,128.0
289,0.8688284854509587,-0.001,-17804.4140625,-17804.4140625,-17804.4140625,0.0,128.0
290,0.8678284854509587,-0.001,-17804.4140625,-17804.4140625,-17804.4140625,0.0,128.0
291,0.8668284854509587,-0.001,-17804.4140625,-17804.4140625,-17804.4140625,0.0,128.0
292,0.8658284854509587,-0.001,-17804.4140625,-17804.4140625,-17804.4140625,0.0,128.0
293,0.8648284854509587,-0.001,-17804.4140625,-17804.4140625,-17804.4140625,0.0,128.0
294,0.8638284854509587,-0.001,-17804.4140625,-17804.4140625,-17804.4140625,0.0,128.0
295,0.8628284854509587,-0.001,-17804.4140625,-17804.4140625,-17804.4140625,0.0,128.0
296,0.8618284854509587,-0.001,-17804.4140625,-17804.4140625,-17804.4140625,0.0,128.0
297,0.8608284854509587,-0.001,-17804.4140625,-17804.4140625,-17804.4140625,0.0,128.0
298,0.8598284854509587,-0.001,-17804.4140625,-17804.4140625,-17804.4140625,0.0,128.0
299,0.8588284854509587,-0.001,-17804.4140625,-17804.4140625,-17804.4140625,0.0,128.0
300,0.8578284854509587,-0.001,-17804.4140625,-17804.4140625,-17804.4140625,0.0,128.0
301,0.8568284854509587,-0.001,-17804.4140625,-17804.4140625,-17804.4140625,0.0,128.0
302,0.8558284854509587,-0.001,-17804.4140625,-17804.4140625,-17804.4140625,0.0,128.0
303,0.8548284854509587,-0.001,-17804.4140625,-17804.4140625,-17804.4140625,0.0,128.0
304,0.8538284854509587,-0.001,-17804.4140625,-17804.4140625,-17804.4140625,0.0,128.0
305,0.8528284854509587,-0.001,-17804.4140625,-17804.4140625,-17804.4140625,0.0,128.0
306,0.8518284854509587,-1.1344261673221935e-05,-18126.748046875,-17804.4140625,-17806.93359375,805.3840942382812,1.0
307,0.8518171411892854,-0.001,-17804.4140625,-17804.4140625,-17804.4140625,0.0,128.0
308,0.8508171411892854,-0.001,-17804.4140625,-17804.4140625,-17804.4140625,0.0,128.0
309,0.8498171411892854,-0.001,-17804.4140625,-17804.4140625,-17804.4140625,0.0,128.0
310,0.8488171411892854,-0.001,-17804.4140625,-17804.4140625,-17804.4140625,0.0,128.0
311,0.8478171411892854,-0.001,-17804.4140625,-17804.4140625,-17804.4140625,0.0,128.0
312,0.8468171411892854,-0.001,-17804.4140625,-17804.4140625,-17804.4140625,0.0,128.0
313,0.8458171411892854,-0.001,-17804.4140625,-17804.4140625,-17804.4140625,0.0,128.0
314,0.8448171411892854,-0.001,-17804.4140625,-17804.4140625,-17804.4140625,0.0,128.0
315,0.8438171411892854,-0.001,-17804.4140625,-17804.4140625,-17804.4140625,0.0,128.0
316,0.8428171411892854,-0.001,-17804.4140625,-17804.4140625,-17804.4140625,0.0,128.0
317,0.8418171411892854,-0.001,-17804.4140625,-17804.4140625,-17804.4140625,0.0,128.0
318,0.8408171411892854,-0.001,-17804.4140625,-17804.4140625,-17804.4140625,0.0,128.0
319,0.8398171411892854,-0.001,-17804.4140625,-17804.4140625,-17804.4140625,0.0,128.0
320,0.8388171411892854,-0.001,-17804.4140625,-17804.4140625,-17804.4140625,0.0,128.0
321,0.8378171411892854,-0.001,-17804.4140625,-17804.4140625,-17804.4140625,0.0,128.0
322,0.8368171411892854,-0.001,-17804.4140625,-17804.4140625,-17804.4140625,0.0,128.0
323,0.8358171411892854,-0.001,-17804.4140625,-17804.4140625,-17804.4140625,0.0,128.0
324,0.8348171411892854,-0.001,-17804.4140625,-17804.4140625,-17804.4140625,0.0,128.0
325,0.8338171411892854,-0.001,-17804.4140625,-17804.4140625,-17804.4140625,0.0,128.0
326,0.8328171411892854,-0.001,-17804.4140625,-17804.4140625,-17804.4140625,0.0,128.0
327,0.8318171411892854,-0.001,-17804.4140625,-17804.4140625,-17804.4140625,0.0,128.0
328,0.8308171411892854,-0.001,-17804.4140625,-17804.4140625,-17804.4140625,0.0,128.0
329,0.8298171411892854,-0.001,-17804.4140625,-17804.4140625,-17804.4140625,0.0,128.0
330,0.8288171411892854,-0.001,-17804.4140625,-17804.4140625,-17804.4140625,0.0,128.0
331,0.8278171411892854,-0.001157966944733869,-17804.4140625,-17425.66015625,-17801.455078125,1111.9771728515625,127.0
332,0.8266591742445515,-0.001,-17804.4140625,-17804.4140625,-17804.4140625,0.0,128.0
333,0.8256591742445515,-0.001,-17804.4140625,-17804.4140625,-17804.4140625,0.0,128.0
334,0.8246591742445515,-0.001,-17804.4140625,-17804.4140625,-17804.4140625,0.0,128.0
335,0.8236591742445515,-0.001,-17804.4140625,-17804.4140625,-17804.4140625,0.0,128.0
336,0.8226591742445515,-0.001,-17804.4140625,-17804.4140625,-17804.4140625,0.0,128.0
337,0.8216591742445515,-0.001,-17804.4140625,-17804.4140625,-17804.4140625,0.0,128.0
338,0.8206591742445515,-0.001,-17804.4140625,-17804.4140625,-17804.4140625,0.0,128.0
339,0.8196591742445515,-0.001,-17804.4140625,-17804.4140625,-17804.4140625,0.0,128.0
340,0.8186591742445515,-0.001,-17804.4140625,-17804.4140625,-17804.4140625,0.0,128.0
341,0.8176591742445515,-0.001213851279843462,-17804.4140625,-17451.982421875,-17801.66015625,962.7968139648438,127.0
342,0.8164453229647081,-0.001,-17804.4140625,-17804.4140625,-17804.4140625,0.0,128.0
343,0.8154453229647081,-0.001,-17804.4140625,-17804.4140625,-17804.4140625,0.0,128.0
344,0.8144453229647081,-0.001,-17804.4140625,-17804.4140625,-17804.4140625,0.0,128.0
345,0.8134453229647081,-0.001,-17804.4140625,-17804.4140625,-17804.4140625,0.0,128.0
346,0.8124453229647081,-0.001,-17804.4140625,-17804.4140625,-17804.4140625,0.0,128.0
347,0.8114453229647081,-0.001,-17804.4140625,-17804.4140625,-17804.4140625,0.0,128.0
348,0.8104453229647081,-0.001,-17804.4140625,-17804.4140625,-17804.4140625,0.0,128.0
349,0.8094453229647081,-0.001,-17804.4140625,-17804.4140625,-17804.4140625,0.0,128.0
350,0.8084453229647081,-0.001,-17804.4140625,-17804.4140625,-17804.4140625,0.0,128.0
351,0.8074453229647081,-0.001,-17804.4140625,-17804.4140625,-17804.4140625,0.0,128.0
352,0.8064453229647081,-0.001,-17804.4140625,-17804.4140625,-17804.4140625,0.0,128.0
353,0.805445322964708,-0.001,-17804.4140625,-17804.4140625,-17804.4140625,0.0,128.0
354,0.804445322964708,-0.001,-17804.4140625,-17804.4140625,-17804.4140625,0.0,128.0
355,0.803445322964708,-0.001,-17804.4140625,-17804.4140625,-17804.4140625,0.0,128.0
356,0.802445322964708,-0.001,-17804.4140625,-17804.4140625,-17804.4140625,0.0,128.0
357,0.801445322964708,-0.001,-17804.4140625,-17804.4140625,-17804.4140625,0.0,128.0
358,0.800445322964708,-0.001,-17804.4140625,-17804.4140625,-17804.4140625,0.0,128.0
359,0.799445322964708,-0.001,-17804.4140625,-17804.4140625,-17804.4140625,0.0,128.0
360,0.798445322964708,-0.001,-17804.4140625,-17804.4140625,-17804.4140625,0.0,128.0
361,0.797445322964708,-0.001,-17804.4140625,-17804.4140625,-17804.4140625,0.0,128.0
362,0.796445322964708,-0.0007408176963180825,-17804.4140625,-17256.357421875,-17800.1328125,2328.2724609375,127.0
363,0.79570450526839,-0.001,-17804.4140625,-17804.4140625,-17804.4140625,0.0,128.0
364,0.79470450526839,-0.0019886610599954783,-17804.4140625,-17601.169921875,-17802.826171875,320.1987609863281,127.0
365,0.7927158442083945,-0.001,-17804.4140625,-17804.4140625,-17804.4140625,0.0,128.0
366,0.7917158442083945,-0.001,-17804.4140625,-17804.4140625,-17804.4140625,0.0,128.0
367,0.7907158442083945,-0.001,-17804.4140625,-17804.4140625,-17804.4140625,0.0,128.0
368,0.7897158442083945,-0.001,-17804.4140625,-17804.4140625,-17804.4140625,0.0,128.0
369,0.7887158442083945,-0.001,-17804.4140625,-17804.4140625,-17804.4140625,0.0,128.0
370,0.7877158442083945,-0.001,-17804.4140625,-17804.4140625,-17804.4140625,0.0,128.0
371,0.7867158442083945,-6.756471482697866e-06,-18266.041015625,-17804.4140625,-17808.01953125,1651.825927734375,1.0
372,0.7867090877369117,-0.001,-17804.4140625,-17804.4140625,-17804.4140625,0.0,128.0
373,0.7857090877369117,-0.001,-17804.4140625,-17804.4140625,-17804.4140625,0.0,128.0
374,0.7847090877369117,-0.001,-17804.4140625,-17804.4140625,-17804.4140625,0.0,128.0
375,0.7837090877369117,-0.000809655937979218,-17804.4140625,-17318.86328125,-17800.62109375,1827.4775390625,127.0
376,0.7828994317989325,-0.001,-17804.4140625,-17804.4140625,-17804.4140625,0.0,128.0
377,0.7818994317989325,-0.001,-17804.4140625,-17804.4140625,-17804.4140625,0.0,128.0
378,0.7808994317989325,-0.000706698977734166,-17804.4140625,-17252.1484375,-17800.099609375,2364.168701171875,127.0
379,0.7801927328211984,-0.001,-17804.4140625,-17804.4140625,-17804.4140625,0.0,128.0
380,0.7791927328211984,-0.001,-17804.4140625,-17804.4140625,-17804.4140625,0.0,128.0
381,0.7781927328211984,-0.001,-17804.4140625,-17804.4140625,-17804.4140625,0.0,128.0
382,0.7771927328211984,-0.001,-17804.4140625,-17804.4140625,-17804.4140625,0.0,128.0
383,0.7761927328211984,-0.001,-17804.4140625,-17804.4140625,-17804.4140625,0.0,128.0
384,0.7751927328211984,-0.001,-17804.4140625,-17804.4140625,-17804.4140625,0.0,128.0
385,0.7741927328211984,-0.001,-17804.4140625,-17804.4140625,-17804.4140625,0.0,128.0
386,0.7731927328211984,-0.001,-17804.4140625,-17804.4140625,-17804.4140625,0.0,128.0
387,0.7721927328211984,-0.001,-17804.4140625,-17804.4140625,-17804.4140625,0.0,128.0
388,0.7711927328211984,-0.001,-17804.4140625,-17804.4140625,-17804.4140625,0.0,128.0
389,0.7701927328211984,-0.001,-17804.4140625,-17804.4140625,-17804.4140625,0.0,128.0
390,0.7691927328211984,-0.001,-17804.4140625,-17804.4140625,-17804.4140625,0.0,128.0
391,0.7681927328211984,-0.001,-17804.4140625,-17804.4140625,-17804.4140625,0.0,128.0
392,0.7671927328211984,-0.001,-17804.4140625,-17804.4140625,-17804.4140625,0.0,128.0
393,0.7661927328211984,-0.001,-17804.4140625,-17804.4140625,-17804.4140625,0.0,128.0
394,0.7651927328211984,-0.001,-17804.4140625,-17804.4140625,-17804.4140625,0.0,128.0
395,0.7641927328211984,-0.001,-17804.4140625,-17804.4140625,-17804.4140625,0.0,128.0
396,0.7631927328211984,-0.001,-17804.4140625,-17804.4140625,-17804.4140625,0.0,128.0
397,0.7621927328211984,-0.001,-17804.4140625,-17804.4140625,-17804.4140625,0.0,128.0
398,0.7611927328211984,-0.001,-17804.4140625,-17804.4140625,-17804.4140625,0.0,128.0
399,0.7601927328211984,-0.001,-17804.4140625,-17804.4140625,-17804.4140625,0.0,128.0
400,0.7591927328211984,-0.001,-17804.4140625,-17804.4140625,-17804.4140625,0.0,128.0
401,0.7581927328211984,-0.001,-17804.4140625,-17804.4140625,-17804.4140625,0.0,128.0
402,0.7571927328211984,-0.001,-17804.4140625,-17804.4140625,-17804.4140625,0.0,128.0
403,0.7561927328211984,-0.001,-17804.4140625,-17804.4140625,-17804.4140625,0.0,128.0
404,0.7551927328211984,-0.0015499035276934521,-17804.4140625,-17569.0,-17802.57421875,429.5784606933594,127.0
405,0.7536428292935049,-0.001,-17804.4140625,-17804.4140625,-17804.4140625,0.0,128.0
406,0.7526428292935049,-0.0009674225116254475,-17804.4140625,-17429.6953125,-17801.486328125,1088.419677734375,127.0
407,0.7516754067818795,-0.001,-17804.4140625,-17804.4140625,-17804.4140625,0.0,128.0
408,0.7506754067818795,-8.642069466585268e-06,-18133.009765625,-17804.4140625,-17806.98046875,836.9642944335938,1.0
409,0.7506667647124129,-0.001,-17804.4140625,-17804.4140625,-17804.4140625,0.0,128.0
410,0.7496667647124129,-0.001,-17804.4140625,-17804.4140625,-17804.4140625,0.0,128.0
411,0.7486667647124129,-0.001,-17804.4140625,-17804.4140625,-17804.4140625,0.0,128.0
412,0.7476667647124129,-0.001,-17804.4140625,-17804.4140625,-17804.4140625,0.0,128.0
413,0.7466667647124129,-0.001,-17804.4140625,-17804.4140625,-17804.4140625,0.0,128.0
414,0.7456667647124129,-0.001,-17804.4140625,-17804.4140625,-17804.4140625,0.0,128.0
415,0.7446667647124129,-0.001,-17804.4140625,-17804.4140625,-17804.4140625,0.0,128.0
416,0.7436667647124129,-0.001,-17804.4140625,-17804.4140625,-17804.4140625,0.0,128.0
417,0.7426667647124129,-0.001,-17804.4140625,-17804.4140625,-17804.4140625,0.0,128.0
418,0.7416667647124129,-0.001,-17804.4140625,-17804.4140625,-17804.4140625,0.0,128.0
419,0.7406667647124129,-8.576648912973556e-06,-18126.748046875,-17804.4140625,-17806.93359375,805.3840942382812,1.0
420,0.7406581880634999,-0.001,-17804.4140625,-17804.4140625,-17804.4140625,0.0,128.0
421,0.7396581880634999,-0.001,-17804.4140625,-17804.4140625,-17804.4140625,0.0,128.0
422,0.7386581880634999,-0.001,-17804.4140625,-17804.4140625,-17804.4140625,0.0,128.0
423,0.7376581880634999,-1.8832687309041087e-05,-17950.017578125,-17804.4140625,-17805.55078125,164.3314208984375,1.0
424,0.7376393553761909,-0.001,-17804.4140625,-17804.4140625,-17804.4140625,0.0,128.0
425,0.7366393553761909,-0.001,-17804.4140625,-17804.4140625,-17804.4140625,0.0,128.0
426,0.7356393553761909,-0.001,-17804.4140625,-17804.4140625,-17804.4140625,0.0,128.0
427,0.7346393553761909,-0.001,-17804.4140625,-17804.4140625,-17804.4140625,0.0,128.0
428,0.7336393553761908,-0.001,-17804.4140625,-17804.4140625,-17804.4140625,0.0,128.0
429,0.7326393553761908,-0.001,-17804.4140625,-17804.4140625,-17804.4140625,0.0,128.0
430,0.7316393553761908,-0.001,-17804.4140625,-17804.4140625,-17804.4140625,0.0,128.0
431,0.7306393553761908,-0.004846151422407132,-17804.4140625,-17733.765625,-17803.86328125,38.6893310546875,127.0
432,0.7257932039537837,-0.001,-17804.4140625,-17804.4140625,-17804.4140625,0.0,128.0
433,0.7247932039537837,-0.001,-17804.4140625,-17804.4140625,-17804.4140625,0.0,128.0
434,0.7237932039537837,-0.001,-17804.4140625,-17804.4140625,-17804.4140625,0.0,128.0
435,0.7227932039537837,-0.001,-17804.4140625,-17804.4140625,-17804.4140625,0.0,128.0
436,0.7217932039537837,-0.001,-17804.4140625,-17804.4140625,-17804.4140625,0.0,128.0
437,0.7207932039537837,-0.001,-17804.4140625,-17804.4140625,-17804.4140625,0.0,128.0
438,0.7197932039537837,-0.001,-17804.4140625,-17804.4140625,-17804.4140625,0.0,128.0
439,0.7187932039537837,-0.001,-17804.4140625,-17804.4140625,-17804.4140625,0.0,128.0
440,0.7177932039537837,-0.001,-17804.4140625,-17804.4140625,-17804.4140625,0.0,128.0
441,0.7167932039537837,-0.0010843436050452483,-17804.4140625,-17531.36328125,-17802.044921875,584.0234375,126.0
442,0.7157088603487384,-0.001,-17804.4140625,-17804.4140625,-17804.4140625,0.0,128.0
443,0.7147088603487384,-0.001,-17804.4140625,-17804.4140625,-17804.4140625,0.0,128.0
444,0.7137088603487384,-0.001,-17804.4140625,-17804.4140625,-17804.4140625,0.0,128.0
445,0.7127088603487384,-0.001,-17804.4140625,-17804.4140625,-17804.4140625,0.0,128.0
446,0.7117088603487384,-0.001,-17804.4140625,-17804.4140625,-17804.4140625,0.0,128.0
447,0.7107088603487384,-0.001,-17804.4140625,-17804.4140625,-17804.4140625,0.0,128.0
448,0.7097088603487384,-0.001,-17804.4140625,-17804.4140625,-17804.4140625,0.0,128.0
449,0.7087088603487384,-0.001,-17804.4140625,-17804.4140625,-17804.4140625,0.0,128.0
450,0.7077088603487384,-0.001,-17804.4140625,-17804.4140625,-17804.4140625,0.0,128.0
451,0.7067088603487384,-0.001,-17804.4140625,-17804.4140625,-17804.4140625,0.0,128.0
452,0.7057088603487384,-0.001,-17804.4140625,-17804.4140625,-17804.4140625,0.0,128.0
453,0.7047088603487384,-0.001,-17804.4140625,-17804.4140625,-17804.4140625,0.0,128.0
454,0.7037088603487384,-0.001,-17804.4140625,-17804.4140625,-17804.4140625,0.0,128.0
455,0.7027088603487384,-0.001,-17804.4140625,-17804.4140625,-17804.4140625,0.0,128.0
456,0.7017088603487384,-0.001,-17804.4140625,-17804.4140625,-17804.4140625,0.0,128.0
457,0.7007088603487384,-0.001,-17804.4140625,-17804.4140625,-17804.4140625,0.0,128.0
458,0.6997088603487384,-0.001,-17804.4140625,-17804.4140625,-17804.4140625,0.0,128.0
459,0.6987088603487384,-0.001,-17804.4140625,-17804.4140625,-17804.4140625,0.0,128.0
460,0.6977088603487384,-7.597495511445524e-06,-18126.748046875,-17733.765625,-17806.380859375,846.8526611328125,1.0
461,0.6977012628532269,-0.001,-17804.4140625,-17804.4140625,-17804.4140625,0.0,128.0
462,0.6967012628532269,-0.001,-17804.4140625,-17804.4140625,-17804.4140625,0.0,128.0
463,0.6957012628532269,-0.001,-17804.4140625,-17804.4140625,-17804.4140625,0.0,128.0
464,0.6947012628532269,-0.001,-17804.4140625,-17804.4140625,-17804.4140625,0.0,128.0
465,0.6937012628532269,-0.001,-17804.4140625,-17804.4140625,-17804.4140625,0.0,128.0
466,0.6927012628532269,-0.001,-17804.4140625,-17804.4140625,-17804.4140625,0.0,128.0
467,0.6917012628532269,-0.001,-17804.4140625,-17804.4140625,-17804.4140625,0.0,128.0
468,0.6907012628532269,-0.001,-17804.4140625,-17804.4140625,-17804.4140625,0.0,128.0
469,0.6897012628532269,-0.001,-17804.4140625,-17804.4140625,-17804.4140625,0.0,128.0
470,0.6887012628532269,-0.001,-17804.4140625,-17804.4140625,-17804.4140625,0.0,128.0
471,0.6877012628532269,-0.001,-17804.4140625,-17804.4140625,-17804.4140625,0.0,128.0
472,0.6867012628532269,-0.004280815881116292,-17804.4140625,-17733.765625,-17803.86328125,38.6893310546875,127.0
473,0.6824204469721106,-0.001,-17804.4140625,-17804.4140625,-17804.4140625,0.0,128.0
474,0.6814204469721106,-0.001,-17804.4140625,-17804.4140625,-17804.4140625,0.0,128.0
475,0.6804204469721106,-0.001,-17804.4140625,-17804.4140625,-17804.4140625,0.0,128.0
476,0.6794204469721106,-0.001,-17804.4140625,-17804.4140625,-17804.4140625,0.0,128.0
477,0.6784204469721106,-0.01900404863462558,-17804.4140625,-17788.78515625,-17804.29296875,1.8931628465652466,127.00004577636719
478,0.659416398337485,-0.001,-17804.4140625,-17804.4140625,-17804.4140625,0.0,128.0
479,0.658416398337485,-0.001,-17804.4140625,-17804.4140625,-17804.4140625,0.0,128.0
480,0.657416398337485,-0.00392348433069418,-17804.4140625,-17733.765625,-17803.86328125,38.6893310546875,127.0
481,0.6534929140067908,-0.001,-17804.4140625,-17804.4140625,-17804.4140625,0.0,128.0
482,0.6524929140067908,-0.001,-17804.4140625,-17804.4140625,-17804.4140625,0.0,128.0
483,0.6514929140067908,-0.001,-17804.4140625,-17804.4140625,-17804.4140625,0.0,128.0
484,0.6504929140067908,-0.001,-17804.4140625,-17804.4140625,-17804.4140625,0.0,128.0
485,0.6494929140067908,-0.001,-17804.4140625,-17804.4140625,-17804.4140625,0.0,128.0
486,0.6484929140067908,-0.001,-17804.4140625,-17804.4140625,-17804.4140625,0.0,128.0
487,0.6474929140067908,-0.001,-17804.4140625,-17804.4140625,-17804.4140625,0.0,128.0
488,0.6464929140067908,-0.001,-17804.4140625,-17804.4140625,-17804.4140625,0.0,128.0
489,0.6454929140067908,-0.001,-17804.4140625,-17804.4140625,-17804.4140625,0.0,128.0
490,0.6444929140067908,-0.001128821717075063,-17804.4140625,-17569.0,-17802.57421875,429.5784606933594,127.0
491,0.6433640922897157,-0.001,-17804.4140625,-17804.4140625,-17804.4140625,0.0,128.0
492,0.6423640922897157,-0.001,-17804.4140625,-17804.4140625,-17804.4140625,0.0,128.0
493,0.6413640922897157,-0.001,-17804.4140625,-17804.4140625,-17804.4140625,0.0,128.0
494,0.6403640922897157,-0.001,-17804.4140625,-17804.4140625,-17804.4140625,0.0,128.0
495,0.6393640922897157,-0.001,-17804.4140625,-17804.4140625,-17804.4140625,0.0,128.0
496,0.6383640922897157,-0.001,-17804.4140625,-17804.4140625,-17804.4140625,0.0,128.0
497,0.6373640922897157,-0.001,-17804.4140625,-17804.4140625,-17804.4140625,0.0,128.0
498,0.6363640922897157,-0.001,-17804.4140625,-17804.4140625,-17804.4140625,0.0,128.0
499,0.6353640922897157,-0.001,-17804.4140625,-17804.4140625,-17804.4140625,0.0,128.0
500,0.6343640922897157,-0.001,-17804.4140625,-17804.4140625,-17804.4140625,0.0,128.0
501,0.6333640922897157,-0.001,-17804.4140625,-17804.4140625,-17804.4140625,0.0,128.0
502,0.6323640922897157,-0.001,-17804.4140625,-17804.4140625,-17804.4140625,0.0,128.0
503,0.6313640922897157,-0.001,-17804.4140625,-17804.4140625,-17804.4140625,0.0,128.0
504,0.6303640922897157,-0.001,-17804.4140625,-17804.4140625,-17804.4140625,0.0,128.0
505,0.6293640922897157,-0.001,-17804.4140625,-17804.4140625,-17804.4140625,0.0,128.0
506,0.6283640922897157,-0.001,-17804.4140625,-17804.4140625,-17804.4140625,0.0,128.0
507,0.6273640922897157,-0.001,-17804.4140625,-17804.4140625,-17804.4140625,0.0,128.0
508,0.6263640922897157,-0.001,-17804.4140625,-17804.4140625,-17804.4140625,0.0,128.0
509,0.6253640922897157,-0.001,-17804.4140625,-17804.4140625,-17804.4140625,0.0,128.0
510,0.6243640922897157,-0.001,-17804.4140625,-17804.4140625,-17804.4140625,0.0,128.0
511,0.6233640922897157,-0.001,-17804.4140625,-17804.4140625,-17804.4140625,0.0,128.0
512,0.6223640922897157,-0.001,-17804.4140625,-17804.4140625,-17804.4140625,0.0,128.0
513,0.6213640922897157,-0.001,-17804.4140625,-17804.4140625,-17804.4140625,0.0,128.0
514,0.6203640922897157,-0.001,-17804.4140625,-17804.4140625,-17804.4140625,0.0,128.0
515,0.6193640922897157,-0.001,-17804.4140625,-17804.4140625,-17804.4140625,0.0,128.0
516,0.6183640922897157,-0.001,-17804.4140625,-17804.4140625,-17804.4140625,0.0,128.0
517,0.6173640922897157,-0.001,-17804.4140625,-17804.4140625,-17804.4140625,0.0,128.0
518,0.6163640922897157,-0.001,-17804.4140625,-17804.4140625,-17804.4140625,0.0,128.0
519,0.6153640922897157,-0.001,-17804.4140625,-17804.4140625,-17804.4140625,0.0,128.0
520,0.6143640922897157,-0.001,-17804.4140625,-17804.4140625,-17804.4140625,0.0,128.0
521,0.6133640922897157,-0.001,-17804.4140625,-17804.4140625,-17804.4140625,0.0,128.0
522,0.6123640922897157,-0.001,-17804.4140625,-17804.4140625,-17804.4140625,0.0,128.0
523,0.6113640922897157,-0.001,-17804.4140625,-17804.4140625,-17804.4140625,0.0,128.0
524,0.6103640922897157,-0.001,-17804.4140625,-17804.4140625,-17804.4140625,0.0,128.0
525,0.6093640922897157,-0.001,-17804.4140625,-17804.4140625,-17804.4140625,0.0,128.0
526,0.6083640922897157,-0.001,-17804.4140625,-17804.4140625,-17804.4140625,0.0,128.0
527,0.6073640922897157,-0.001,-17804.4140625,-17804.4140625,-17804.4140625,0.0,128.0
528,0.6063640922897157,-0.007778960130503528,-17804.4140625,-17774.125,-17804.177734375,7.110626220703125,127.0
529,0.5985851321592122,-0.001,-17804.4140625,-17804.4140625,-17804.4140625,0.0,128.0
530,0.5975851321592122,-0.001,-17804.4140625,-17804.4140625,-17804.4140625,0.0,128.0
531,0.5965851321592122,-6.915983870068975e-06,-18063.75390625,-17804.4140625,-17806.44140625,521.3482666015625,1.0
532,0.5965782161753421,-0.001,-17804.4140625,-17804.4140625,-17804.4140625,0.0,128.0
533,0.5955782161753421,-0.001,-17804.4140625,-17804.4140625,-17804.4140625,0.0,128.0
534,0.5945782161753421,-0.001,-17804.4140625,-17804.4140625,-17804.4140625,0.0,128.0
535,0.5935782161753421,-0.001,-17804.4140625,-17804.4140625,-17804.4140625,0.0,128.0
536,0.5925782161753421,-0.001,-17804.4140625,-17804.4140625,-17804.4140625,0.0,128.0
537,0.5915782161753421,-0.001,-17804.4140625,-17804.4140625,-17804.4140625,0.0,128.0
538,0.5905782161753421,-0.001,-17804.4140625,-17804.4140625,-17804.4140625,0.0,128.0
539,0.5895782161753421,-0.001,-17804.4140625,-17804.4140625,-17804.4140625,0.0,128.0
540,0.5885782161753421,-0.001,-17804.4140625,-17804.4140625,-17804.4140625,0.0,128.0
541,0.5875782161753421,-0.001,-17804.4140625,-17804.4140625,-17804.4140625,0.0,128.0
542,0.5865782161753421,-0.001,-17804.4140625,-17804.4140625,-17804.4140625,0.0,128.0
543,0.5855782161753421,-0.001,-17804.4140625,-17804.4140625,-17804.4140625,0.0,128.0
544,0.5845782161753421,-0.001,-17804.4140625,-17804.4140625,-17804.4140625,0.0,128.0
545,0.5835782161753421,-0.001,-17804.4140625,-17804.4140625,-17804.4140625,0.0,128.0
546,0.5825782161753421,-0.001,-17804.4140625,-17804.4140625,-17804.4140625,0.0,128.0
547,0.5815782161753421,-0.000571536004697039,-17804.4140625,-17425.66015625,-17801.455078125,1111.9771728515625,127.0
548,0.581006680170645,-0.001,-17804.4140625,-17804.4140625,-17804.4140625,0.0,128.0
549,0.580006680170645,-0.001,-17804.4140625,-17804.4140625,-17804.4140625,0.0,128.0
550,0.579006680170645,-0.001,-17804.4140625,-17804.4140625,-17804.4140625,0.0,128.0
551,0.578006680170645,-0.001,-17804.4140625,-17804.4140625,-17804.4140625,0.0,128.0
552,0.577006680170645,-0.001,-17804.4140625,-17804.4140625,-17804.4140625,0.0,128.0
553,0.576006680170645,-0.001,-17804.4140625,-17804.4140625,-17804.4140625,0.0,128.0
554,0.575006680170645,-0.001,-17804.4140625,-17804.4140625,-17804.4140625,0.0,128.0
555,0.574006680170645,-0.001,-17804.4140625,-17804.4140625,-17804.4140625,0.0,128.0
556,0.573006680170645,-0.001,-17804.4140625,-17804.4140625,-17804.4140625,0.0,128.0
557,0.572006680170645,-0.001,-17804.4140625,-17804.4140625,-17804.4140625,0.0,128.0
558,0.571006680170645,-0.001,-17804.4140625,-17804.4140625,-17804.4140625,0.0,128.0
559,0.570006680170645,-0.001,-17804.4140625,-17804.4140625,-17804.4140625,0.0,128.0
560,0.569006680170645,-0.001,-17804.4140625,-17804.4140625,-17804.4140625,0.0,128.0
561,0.568006680170645,-0.001,-17804.4140625,-17804.4140625,-17804.4140625,0.0,128.0
562,0.567006680170645,-0.001,-17804.4140625,-17804.4140625,-17804.4140625,0.0,128.0
563,0.566006680170645,-0.001,-17804.4140625,-17804.4140625,-17804.4140625,0.0,128.0
564,0.565006680170645,-0.001,-17804.4140625,-17804.4140625,-17804.4140625,0.0,128.0
565,0.564006680170645,-0.001,-17804.4140625,-17804.4140625,-17804.4140625,0.0,128.0
566,0.563006680170645,-0.001,-17804.4140625,-17804.4140625,-17804.4140625,0.0,128.0
567,0.562006680170645,-0.001,-17804.4140625,-17804.4140625,-17804.4140625,0.0,128.0
568,0.561006680170645,-0.001,-17804.4140625,-17804.4140625,-17804.4140625,0.0,128.0
569,0.560006680170645,-0.001,-17804.4140625,-17804.4140625,-17804.4140625,0.0,128.0
570,0.559006680170645,-0.001,-17804.4140625,-17804.4140625,-17804.4140625,0.0,128.0
571,0.558006680170645,-0.001,-17804.4140625,-17804.4140625,-17804.4140625,0.0,128.0
572,0.557006680170645,-0.001,-17804.4140625,-17804.4140625,-17804.4140625,0.0,128.0
573,0.556006680170645,-0.001,-17804.4140625,-17804.4140625,-17804.4140625,0.0,128.0
574,0.555006680170645,-0.001,-17804.4140625,-17804.4140625,-17804.4140625,0.0,128.0
575,0.554006680170645,-0.001,-17804.4140625,-17804.4140625,-17804.4140625,0.0,128.0
576,0.553006680170645,-0.001,-17804.4140625,-17804.4140625,-17804.4140625,0.0,128.0
577,0.552006680170645,-0.001,-17804.4140625,-17804.4140625,-17804.4140625,0.0,128.0
578,0.551006680170645,-0.001,-17804.4140625,-17804.4140625,-17804.4140625,0.0,128.0
579,0.550006680170645,-0.001,-17804.4140625,-17804.4140625,-17804.4140625,0.0,128.0
580,0.549006680170645,-0.001,-17804.4140625,-17804.4140625,-17804.4140625,0.0,128.0
581,0.548006680170645,-0.001,-17804.4140625,-17804.4140625,-17804.4140625,0.0,128.0
582,0.547006680170645,-0.001,-17804.4140625,-17804.4140625,-17804.4140625,0.0,128.0
583,0.546006680170645,-0.001,-17804.4140625,-17804.4140625,-17804.4140625,0.0,128.0
584,0.545006680170645,-0.001,-17804.4140625,-17804.4140625,-17804.4140625,0.0,128.0
585,0.544006680170645,-0.001,-17804.4140625,-17804.4140625,-17804.4140625,0.0,128.0
586,0.543006680170645,-0.001,-17804.4140625,-17804.4140625,-17804.4140625,0.0,128.0
587,0.542006680170645,-0.001,-17804.4140625,-17804.4140625,-17804.4140625,0.0,128.0
588,0.541006680170645,-0.001,-17804.4140625,-17804.4140625,-17804.4140625,0.0,128.0
589,0.540006680170645,-0.000900499963148418,-17804.4140625,-17597.208984375,-17802.794921875,332.7966613769531,127.0
590,0.5391061802074966,-0.001,-17804.4140625,-17804.4140625,-17804.4140625,0.0,128.0
591,0.5381061802074966,-0.001,-17804.4140625,-17804.4140625,-17804.4140625,0.0,128.0
592,0.5371061802074966,-0.001,-17804.4140625,-17804.4140625,-17804.4140625,0.0,128.0
593,0.5361061802074966,-0.001,-17804.4140625,-17804.4140625,-17804.4140625,0.0,128.0
594,0.5351061802074966,-0.001,-17804.4140625,-17804.4140625,-17804.4140625,0.0,128.0
595,0.5341061802074966,-0.001,-17804.4140625,-17804.4140625,-17804.4140625,0.0,128.0
596,0.5331061802074966,-0.001,-17804.4140625,-17804.4140625,-17804.4140625,0.0,128.0
597,0.5321061802074966,-0.001,-17804.4140625,-17804.4140625,-17804.4140625,0.0,128.0
598,0.5311061802074966,-0.001,-17804.4140625,-17804.4140625,-17804.4140625,0.0,128.0
599,0.5301061802074966,-0.001,-17804.4140625,-17804.4140625,-17804.4140625,0.0,128.0
600,0.5291061802074966,-0.001,-17804.4140625,-17804.4140625,-17804.4140625,0.0,128.0
601,0.5281061802074966,-0.00209376572489086,-17804.4140625,-17719.23046875,-17803.748046875,56.248435974121094,127.0
602,0.5260124144826057,-0.001,-17804.4140625,-17804.4140625,-17804.4140625,0.0,128.0
603,0.5250124144826057,-0.001,-17804.4140625,-17804.4140625,-17804.4140625,0.0,128.0
604,0.5240124144826057,-0.001,-17804.4140625,-17804.4140625,-17804.4140625,0.0,128.0
605,0.5230124144826057,-0.001,-17804.4140625,-17804.4140625,-17804.4140625,0.0,128.0
606,0.5220124144826057,-0.001,-17804.4140625,-17804.4140625,-17804.4140625,0.0,128.0
607,0.5210124144826057,-0.001,-17804.4140625,-17804.4140625,-17804.4140625,0.0,128.0
608,0.5200124144826057,-0.001,-17804.4140625,-17804.4140625,-17804.4140625,0.0,128.0
609,0.5190124144826057,-0.001,-17804.4140625,-17804.4140625,-17804.4140625,0.0,128.0
610,0.5180124144826057,-0.001,-17804.4140625,-17804.4140625,-17804.4140625,0.0,128.0
611,0.5170124144826057,-0.001,-17804.4140625,-17804.4140625,-17804.4140625,0.0,128.0
612,0.5160124144826057,-0.001,-17804.4140625,-17804.4140625,-17804.4140625,0.0,128.0
613,0.5150124144826057,-0.001,-17804.4140625,-17804.4140625,-17804.4140625,0.0,128.0
614,0.5140124144826057,-0.001,-17804.4140625,-17804.4140625,-17804.4140625,0.0,128.0
615,0.5130124144826057,-0.001,-17804.4140625,-17804.4140625,-17804.4140625,0.0,128.0
616,0.5120124144826057,-0.001,-17804.4140625,-17804.4140625,-17804.4140625,0.0,128.0
617,0.5110124144826057,-0.001,-17804.4140625,-17804.4140625,-17804.4140625,0.0,128.0
618,0.5100124144826057,-0.001,-17804.4140625,-17804.4140625,-17804.4140625,0.0,128.0
619,0.5090124144826057,-0.001,-17804.4140625,-17804.4140625,-17804.4140625,0.0,128.0
620,0.5080124144826057,-0.001,-17804.4140625,-17804.4140625,-17804.4140625,0.0,128.0
621,0.5070124144826057,-0.001,-17804.4140625,-17804.4140625,-17804.4140625,0.0,128.0
622,0.5060124144826057,-0.001,-17804.4140625,-17804.4140625,-17804.4140625,0.0,128.0
623,0.5050124144826057,-0.00020120064692781846,-17804.4140625,-16993.115234375,-17798.076171875,5102.0517578125,127.0
624,0.5048112138356778,-0.001,-17804.4140625,-17804.4140625,-17804.4140625,0.0,128.0
625,0.5038112138356778,-0.001,-17804.4140625,-17804.4140625,-17804.4140625,0.0,128.0
626,0.5028112138356778,-0.001,-17804.4140625,-17804.4140625,-17804.4140625,0.0,128.0
627,0.5018112138356778,-0.001,-17804.4140625,-17804.4140625,-17804.4140625,0.0,128.0
628,0.5008112138356778,-0.001,-17804.4140625,-17804.4140625,-17804.4140625,0.0,128.0
629,0.49981121383567784,-0.001,-17804.4140625,-17804.4140625,-17804.4140625,0.0,128.0
630,0.49881121383567784,-0.001,-17804.4140625,-17804.4140625,-17804.4140625,0.0,128.0
631,0.49781121383567783,-0.005243049353955458,-17804.4140625,-17774.125,-17804.177734375,7.110626220703125,127.0
632,0.49256816448172236,-0.001,-17804.4140625,-17804.4140625,-17804.4140625,0.0,128.0
633,0.49156816448172236,-0.001,-17804.4140625,-17804.4140625,-17804.4140625,0.0,128.0
634,0.49056816448172236,-0.00028105941489397514,-17804.4140625,-17256.357421875,-17800.1328125,2328.2724609375,127.0
635,0.4902871050668284,-0.001,-17804.4140625,-17804.4140625,-17804.4140625,0.0,128.0
636,0.4892871050668284,-0.001,-17804.4140625,-17804.4140625,-17804.4140625,0.0,128.0
637,0.4882871050668284,-0.001,-17804.4140625,-17804.4140625,-17804.4140625,0.0,128.0
638,0.4872871050668284,-4.0389680485637325e-06,-18100.67578125,-17804.4140625,-17806.728515625,680.3543090820312,1.0
639,0.4872830660987798,-0.001,-17804.4140625,-17804.4140625,-17804.4140625,0.0,128.0
640,0.4862830660987798,-0.003459236138048808,-17804.4140625,-17760.626953125,-17804.072265625,14.86149787902832,127.0
641,0.482823829960731,-0.001,-17804.4140625,-17804.4140625,-17804.4140625,0.0,128.0
642,0.481823829960731,-0.001,-17804.4140625,-17804.4140625,-17804.4140625,0.0,128.0
643,0.480823829960731,-0.001,-17804.4140625,-17804.4140625,-17804.4140625,0.0,128.0
644,0.479823829960731,-0.001,-17804.4140625,-17804.4140625,-17804.4140625,0.0,128.0
645,0.478823829960731,-0.001,-17804.4140625,-17804.4140625,-17804.4140625,0.0,128.0
646,0.477823829960731,-0.0006204755498349834,-17804.4140625,-17569.0,-17802.57421875,429.5784606933594,127.0
647,0.477203354410896,-0.001,-17804.4140625,-17804.4140625,-17804.4140625,0.0,128.0
648,0.476203354410896,-0.001,-17804.4140625,-17804.4140625,-17804.4140625,0.0,128.0
649,0.475203354410896,-0.001,-17804.4140625,-17804.4140625,-17804.4140625,0.0,128.0
650,0.474203354410896,-1.4686996788315938e-06,-18575.978515625,-17804.4140625,-17810.44140625,4614.52001953125,1.0
651,0.4742018857112172,-0.001,-17804.4140625,-17804.4140625,-17804.4140625,0.0,128.0
652,0.4732018857112172,-0.001,-17804.4140625,-17804.4140625,-17804.4140625,0.0,128.0
653,0.4722018857112172,-0.001,-17804.4140625,-17804.4140625,-17804.4140625,0.0,128.0
654,0.4712018857112172,-0.001,-17804.4140625,-17804.4140625,-17804.4140625,0.0,128.0
655,0.4702018857112172,-0.001,-17804.4140625,-17804.4140625,-17804.4140625,0.0,128.0
656,0.4692018857112172,-0.001,-17804.4140625,-17804.4140625,-17804.4140625,0.0,128.0
657,0.4682018857112172,-0.001,-17804.4140625,-17804.4140625,-17804.4140625,0.0,128.0
658,0.4672018857112172,-0.001,-17804.4140625,-17804.4140625,-17804.4140625,0.0,128.0
659,0.4662018857112172,-0.001,-17804.4140625,-17804.4140625,-17804.4140625,0.0,128.0
660,0.4652018857112172,-0.001,-17804.4140625,-17804.4140625,-17804.4140625,0.0,128.0
661,0.4642018857112172,-0.001,-17804.4140625,-17804.4140625,-17804.4140625,0.0,128.0
662,0.4632018857112172,-0.001,-17804.4140625,-17804.4140625,-17804.4140625,0.0,128.0
663,0.4622018857112172,-0.0005970461712628963,-17804.4140625,-17575.404296875,-17802.625,406.52252197265625,127.0
664,0.4616048395399543,-0.001,-17804.4140625,-17804.4140625,-17804.4140625,0.0,128.0
665,0.4606048395399543,-0.001,-17804.4140625,-17804.4140625,-17804.4140625,0.0,128.0
666,0.4596048395399543,-0.001,-17804.4140625,-17804.4140625,-17804.4140625,0.0,128.0
667,0.4586048395399543,-0.001,-17804.4140625,-17804.4140625,-17804.4140625,0.0,128.0
668,0.4576048395399543,-0.001,-17804.4140625,-17804.4140625,-17804.4140625,0.0,128.0
669,0.4566048395399543,-0.001,-17804.4140625,-17804.4140625,-17804.4140625,0.0,128.0
670,0.4556048395399543,-0.001,-17804.4140625,-17804.4140625,-17804.4140625,0.0,128.0
671,0.4546048395399543,-0.001,-17804.4140625,-17804.4140625,-17804.4140625,0.0,128.0
672,0.4536048395399543,-0.001,-17804.4140625,-17804.4140625,-17804.4140625,0.0,128.0
673,0.4526048395399543,-0.001,-17804.4140625,-17804.4140625,-17804.4140625,0.0,128.0
674,0.4516048395399543,-0.001,-17804.4140625,-17804.4140625,-17804.4140625,0.0,128.0
675,0.4506048395399543,-0.0018432428610889345,-17804.4140625,-17733.765625,-17803.86328125,38.6893310546875,127.0
676,0.44876159667886534,-0.001,-17804.4140625,-17804.4140625,-17804.4140625,0.0,128.0
677,0.44776159667886534,-0.00015924776465983296,-17804.4140625,-17252.1484375,-17798.119140625,2844.939453125,126.0
678,0.44760234891420553,-0.001,-17804.4140625,-17804.4140625,-17804.4140625,0.0,128.0
679,0.4466023489142055,-0.001810643136959417,-17804.4140625,-17733.765625,-17803.86328125,38.6893310546875,127.0
680,0.4447917057772461,-0.001,-17804.4140625,-17804.4140625,-17804.4140625,0.0,128.0
681,0.4437917057772461,-0.001,-17804.4140625,-17804.4140625,-17804.4140625,0.0,128.0
682,0.4427917057772461,-0.001,-17804.4140625,-17804.4140625,-17804.4140625,0.0,128.0
683,0.4417917057772461,-0.001,-17804.4140625,-17804.4140625,-17804.4140625,0.0,128.0
684,0.4407917057772461,-0.001,-17804.4140625,-17804.4140625,-17804.4140625,0.0,128.0
685,0.4397917057772461,-0.001,-17804.4140625,-17804.4140625,-17804.4140625,0.0,128.0
686,0.4387917057772461,-0.001,-17804.4140625,-17804.4140625,-17804.4140625,0.0,128.0
687,0.4377917057772461,-0.001,-17804.4140625,-17804.4140625,-17804.4140625,0.0,128.0
688,0.4367917057772461,-0.001,-17804.4140625,-17804.4140625,-17804.4140625,0.0,128.0
689,0.4357917057772461,-0.001,-17804.4140625,-17804.4140625,-17804.4140625,0.0,128.0
690,0.4347917057772461,-0.001,-17804.4140625,-17804.4140625,-17804.4140625,0.0,128.0
691,0.4337917057772461,-0.001,-17804.4140625,-17804.4140625,-17804.4140625,0.0,128.0
692,0.43279170577724607,-0.001,-17804.4140625,-17804.4140625,-17804.4140625,0.0,128.0
693,0.43179170577724607,-0.001,-17804.4140625,-17804.4140625,-17804.4140625,0.0,128.0
694,0.43079170577724607,-0.001,-17804.4140625,-17804.4140625,-17804.4140625,0.0,128.0
695,0.42979170577724607,-0.001,-17804.4140625,-17804.4140625,-17804.4140625,0.0,128.0
696,0.42879170577724607,-0.001,-17804.4140625,-17804.4140625,-17804.4140625,0.0,128.0
697,0.42779170577724607,-0.001,-17804.4140625,-17804.4140625,-17804.4140625,0.0,128.0
698,0.42679170577724607,-0.001,-17804.4140625,-17804.4140625,-17804.4140625,0.0,128.0
699,0.42579170577724607,-0.001,-17804.4140625,-17804.4140625,-17804.4140625,0.0,128.0
700,0.42479170577724606,-0.001,-17804.4140625,-17804.4140625,-17804.4140625,0.0,128.0
701,0.42379170577724606,-0.001,-17804.4140625,-17804.4140625,-17804.4140625,0.0,128.0
702,0.42279170577724606,-0.001,-17804.4140625,-17804.4140625,-17804.4140625,0.0,128.0
703,0.42179170577724606,-0.001,-17804.4140625,-17804.4140625,-17804.4140625,0.0,128.0
704,0.42079170577724606,-0.001,-17804.4140625,-17804.4140625,-17804.4140625,0.0,128.0
705,0.41979170577724606,-0.001,-17804.4140625,-17804.4140625,-17804.4140625,0.0,128.0
706,0.41879170577724606,-0.001,-17804.4140625,-17804.4140625,-17804.4140625,0.0,128.0
707,0.41779170577724606,-0.001,-17804.4140625,-17804.4140625,-17804.4140625,0.0,128.0
708,0.41679170577724606,-0.001,-17804.4140625,-17804.4140625,-17804.4140625,0.0,128.0
709,0.41579170577724606,-0.001,-17804.4140625,-17804.4140625,-17804.4140625,0.0,128.0
710,0.41479170577724606,-0.001,-17804.4140625,-17804.4140625,-17804.4140625,0.0,128.0
711,0.41379170577724605,-0.001,-17804.4140625,-17804.4140625,-17804.4140625,0.0,128.0
712,0.41279170577724605,-0.001,-17804.4140625,-17804.4140625,-17804.4140625,0.0,128.0
713,0.41179170577724605,-0.001,-17804.4140625,-17804.4140625,-17804.4140625,0.0,128.0
714,0.41079170577724605,-0.001,-17804.4140625,-17804.4140625,-17804.4140625,0.0,128.0
715,0.40979170577724605,-0.001,-17804.4140625,-17804.4140625,-17804.4140625,0.0,128.0
716,0.40879170577724605,-0.001,-17804.4140625,-17804.4140625,-17804.4140625,0.0,128.0
717,0.40779170577724605,-0.001,-17804.4140625,-17804.4140625,-17804.4140625,0.0,128.0
718,0.40679170577724605,-0.001,-17804.4140625,-17804.4140625,-17804.4140625,0.0,128.0
719,0.40579170577724605,-0.001,-17804.4140625,-17804.4140625,-17804.4140625,0.0,128.0
720,0.40479170577724605,-0.001,-17804.4140625,-17804.4140625,-17804.4140625,0.0,128.0
721,0.40379170577724605,-0.001,-17804.4140625,-17804.4140625,-17804.4140625,0.0,128.0
722,0.40279170577724605,-4.543178353773085e-05,-17804.4140625,-15519.01953125,-17786.55859375,40486.0546875,127.0
723,0.4027462739937083,-0.001,-17804.4140625,-17804.4140625,-17804.4140625,0.0,128.0
724,0.4017462739937083,-0.0004074794633033916,-17804.4140625,-17550.984375,-17802.43359375,497.8558349609375,127.0
725,0.40133879453040494,-0.001,-17804.4140625,-17804.4140625,-17804.4140625,0.0,128.0
726,0.40033879453040494,-0.001,-17804.4140625,-17804.4140625,-17804.4140625,0.0,128.0
727,0.39933879453040494,-0.001,-17804.4140625,-17804.4140625,-17804.4140625,0.0,128.0
728,0.39833879453040494,-0.001,-17804.4140625,-17804.4140625,-17804.4140625,0.0,128.0
729,0.39733879453040494,-0.001,-17804.4140625,-17804.4140625,-17804.4140625,0.0,128.0
730,0.39633879453040494,-0.001,-17804.4140625,-17804.4140625,-17804.4140625,0.0,128.0
731,0.39533879453040494,-0.001,-17804.4140625,-17804.4140625,-17804.4140625,0.0,128.0
732,0.39433879453040493,-0.001,-17804.4140625,-17804.4140625,-17804.4140625,0.0,128.0
733,0.39333879453040493,-0.001,-17804.4140625,-17804.4140625,-17804.4140625,0.0,128.0
734,0.39233879453040493,-0.001,-17804.4140625,-17804.4140625,-17804.4140625,0.0,128.0
735,0.39133879453040493,-0.001,-17804.4140625,-17804.4140625,-17804.4140625,0.0,128.0
736,0.39033879453040493,-0.001,-17804.4140625,-17804.4140625,-17804.4140625,0.0,128.0
737,0.38933879453040493,-0.001,-17804.4140625,-17804.4140625,-17804.4140625,0.0,128.0
738,0.38833879453040493,-0.001,-17804.4140625,-17804.4140625,-17804.4140625,0.0,128.0
739,0.38733879453040493,-0.001,-17804.4140625,-17804.4140625,-17804.4140625,0.0,128.0
740,0.3863387945304049,-0.001,-17804.4140625,-17804.4140625,-17804.4140625,0.0,128.0
741,0.3853387945304049,-0.001,-17804.4140625,-17804.4140625,-17804.4140625,0.0,128.0
742,0.3843387945304049,-0.001,-17804.4140625,-17804.4140625,-17804.4140625,0.0,128.0
743,0.3833387945304049,-0.001,-17804.4140625,-17804.4140625,-17804.4140625,0.0,128.0
744,0.3823387945304049,-0.001,-17804.4140625,-17804.4140625,-17804.4140625,0.0,128.0
745,0.3813387945304049,-0.001,-17804.4140625,-17804.4140625,-17804.4140625,0.0,128.0
746,0.3803387945304049,-0.001,-17804.4140625,-17804.4140625,-17804.4140625,0.0,128.0
747,0.3793387945304049,-0.001,-17804.4140625,-17804.4140625,-17804.4140625,0.0,128.0
748,0.3783387945304049,-0.001,-17804.4140625,-17804.4140625,-17804.4140625,0.0,128.0
749,0.3773387945304049,-0.001,-17804.4140625,-17804.4140625,-17804.4140625,0.0,128.0
750,0.3763387945304049,-0.001,-17804.4140625,-17804.4140625,-17804.4140625,0.0,128.0
751,0.3753387945304049,-0.001,-17804.4140625,-17804.4140625,-17804.4140625,0.0,128.0
752,0.3743387945304049,-0.001,-17804.4140625,-17804.4140625,-17804.4140625,0.0,128.0
753,0.3733387945304049,-0.001,-17804.4140625,-17804.4140625,-17804.4140625,0.0,128.0
754,0.3723387945304049,-0.001,-17804.4140625,-17804.4140625,-17804.4140625,0.0,128.0
755,0.3713387945304049,-0.001,-17804.4140625,-17804.4140625,-17804.4140625,0.0,128.0
756,0.3703387945304049,-0.001,-17804.4140625,-17804.4140625,-17804.4140625,0.0,128.0
757,0.3693387945304049,-0.001,-17804.4140625,-17804.4140625,-17804.4140625,0.0,128.0
758,0.3683387945304049,-0.001,-17804.4140625,-17804.4140625,-17804.4140625,0.0,128.0
759,0.3673387945304049,-0.001,-17804.4140625,-17804.4140625,-17804.4140625,0.0,128.0
760,0.3663387945304049,-0.001,-17804.4140625,-17804.4140625,-17804.4140625,0.0,128.0
761,0.3653387945304049,-0.001,-17804.4140625,-17804.4140625,-17804.4140625,0.0,128.0
762,0.3643387945304049,-0.001,-17804.4140625,-17804.4140625,-17804.4140625,0.0,128.0
763,0.3633387945304049,-0.001,-17804.4140625,-17804.4140625,-17804.4140625,0.0,128.0
764,0.3623387945304049,-0.001,-17804.4140625,-17804.4140625,-17804.4140625,0.0,128.0
765,0.3613387945304049,-0.001,-17804.4140625,-17804.4140625,-17804.4140625,0.0,128.0
766,0.3603387945304049,-0.001,-17804.4140625,-17804.4140625,-17804.4140625,0.0,128.0
