iteration,temperature,minE,maxE,meanE,VarE
1,2.0,53.94354968591895,87.35702397781026,71.84136725451987,46.50792467614674
2,1.998,52.26754878562204,86.81506273623486,72.4199149885752,49.23472878802171
3,1.996,51.35515724109006,97.35523951364289,72.94730528137238,63.485769907541375
4,1.994,56.0496914381397,93.92357883274093,72.81312185271503,48.57714101406136
5,1.992,56.55353601845911,99.19239127498804,73.7244619688457,51.32926899289968
6,1.99,54.90988784694373,91.32223012575423,72.59926680537117,53.872776112874455
7,1.988,56.42718607240441,87.2194108110431,73.18797703327854,51.04770894962406
8,1.986,54.430684787891174,94.04956631691468,73.19849240770243,52.75669206748654
9,1.984,54.88272640679159,91.03460383098809,72.53269041919332,51.5818235335193
10,1.982,52.44328987666703,88.93358067892794,72.23862221103964,50.11260809266982
11,1.98,56.448970512002575,86.98999192042866,72.04042263671873,44.43449161709639
12,1.978,56.289400897482935,91.82897457626706,72.344388271594,41.45482813242973
13,1.976,51.76654181938901,95.85870762593429,73.10128772996832,58.051896210878446
14,1.974,55.795764018116905,92.84855084070072,72.78497396862673,56.830516041846856
15,1.972,57.9440595347856,91.17135525194756,72.28637080076666,39.25220911559526
16,1.97,60.26448484895668,94.0605543766034,73.11557814569696,39.43944538754387
17,1.968,58.01518928879712,96.7133218412398,73.18161002499085,57.14683933337445
18,1.966,51.84956174760778,90.11294877265922,73.04367986701081,55.119017097771874
19,1.964,50.920435976605674,85.75006736379882,72.39800592140917,44.28425568447255
20,1.962,50.720341032922676,87.82444094187795,72.81879410230704,48.61081044208472
21,1.96,43.465444247730275,94.51866625559958,72.94871143929468,66.63708617286915
22,1.958,57.90044867012054,90.99480134951612,74.10583111637932,46.873718115599374
23,1.956,54.51139552264349,90.28939370740864,71.34294165294217,54.61890954127544
24,1.954,55.61329274032709,90.90622517942245,72.55672518643358,54.8332342832843
25,1.952,51.675081188213795,87.0265472483785,71.43564597829254,48.01776239578812
26,1.95,52.5205743979745,90.69686642915701,71.74062568293205,57.747948281138285
27,1.948,52.449144351284275,89.30068325469287,71.47311101366819,44.12026209584222
28,1.946,58.202302298594354,89.83240298193328,72.90939063989866,44.67332087716663
29,1.944,54.09296176864436,90.86224015354304,73.44355635900367,53.40054847276616
30,1.942,52.86297980932204,87.95823769765151,72.7893196556783,47.34285763786325
31,1.94,53.00665897428506,88.81539372229966,73.23007314019671,47.843723773192366
32,1.938,52.42747989635754,92.25999539795133,72.36533668990131,58.98142547343808
33,1.936,59.918616728691774,88.14025753367127,72.70303276667636,38.76457163085912
34,1.934,57.51541839456346,91.17918337833939,72.93237914987812,49.57793042641899
35,1.932,51.498020069846945,85.39348630013018,72.7349415486035,45.01322478409032
36,1.93,52.23246909933476,89.35943748531497,72.32454052278416,42.276694443621295
37,1.928,52.535803116019785,98.50324562875713,73.09824208922984,53.621714964169215
38,1.926,51.20706427631525,94.61234305161236,72.79050652289789,59.07657447073031
39,1.924,51.5910343660711,88.96168998199144,72.56335713596383,54.17996507237614
40,1.922,56.29554606492355,90.09376967933557,72.44971751416948,47.89879265198504
41,1.92,54.76985120371218,94.74408128896924,73.6385045306909,49.3729886551562
42,1.918,56.599736482003536,87.12999400512572,71.6041508554323,37.489967767022975
43,1.916,60.63089174349638,89.5745528974881,73.37777542926811,42.768084845870575
44,1.914,56.132114597431546,86.74567906102354,72.34207219947889,44.69571298900724
45,1.912,58.186434668557574,89.50251902877434,71.67923089182067,38.954450915904495
46,1.91,52.670246170080155,89.53860222700513,72.03624001666569,51.506117205076364
47,1.908,53.9514152016536,91.13683761242022,72.48135679255975,46.07645750964744
48,1.906,53.11336430824239,91.58463268458567,73.94598393220063,47.198140817308
49,1.904,58.640092137310205,88.68466299591168,73.53486415860259,42.97113317414101
50,1.902,53.80494156527103,87.0946798333379,72.26588276720312,56.60879788081563
51,1.9,52.444440726276525,97.2994936599279,72.54713701150794,61.957832305621096
52,1.898,56.549342520829846,89.85747969290044,72.20174629534442,50.04614903757311
53,1.896,58.5217806006668,92.94283374089325,72.23411502205046,42.32101795467635
54,1.894,54.98302994248463,90.20675694982413,71.78973170078561,51.56288720281663
55,1.892,61.0981439557397,90.27514658139009,73.45175051189219,43.37791500195932
56,1.89,54.9630770118514,89.77203338801445,72.46150280173754,48.14607399552892
57,1.888,48.328125888942964,91.0152418046535,71.40946457151638,49.88080857313597
58,1.886,55.99410797331437,90.67226559884719,72.45566981642564,43.173437919627936
59,1.884,54.72445488631679,87.40448552957209,72.13229363078774,48.82438029996477
60,1.882,55.03354094740466,89.92431458179047,71.32920931238696,40.065179142900256
61,1.88,51.507023704013875,94.2060384872212,72.3536558006187,50.824414116224894
62,1.878,55.10230487971116,85.99599966507623,72.16487115163544,51.88536480786936
63,1.876,52.75897193375736,87.59982536145398,73.17366952706453,49.793195917527065
64,1.874,54.62156751364725,88.80760623138379,72.67465314814119,43.8251774601342
65,1.872,53.38894223401057,94.93626845034314,72.95062323090451,46.48845935210837
66,1.87,53.39560606489402,88.09341365827466,71.86871600281005,49.47839439240675
67,1.868,54.070958969690004,92.69314984475638,73.64594836196336,49.76206593495726
68,1.866,54.54569764200227,89.48139756655198,72.7084087741344,50.64202458751782
69,1.864,57.40342566105929,90.65664068421782,72.4086523945856,37.69708444208128
70,1.862,56.78741831854158,91.32507294006984,73.48649010089926,46.65526626259992
71,1.86,53.53128112283727,88.72759551082682,72.47433040317297,51.1219412395002
72,1.858,52.65867220730965,92.13323243733493,72.20968717584827,55.80671781953037
73,1.856,57.150890670601434,88.10985890145615,72.97071962432034,42.943443155179736
74,1.854,55.94875604558061,94.8530169383347,73.9200299687161,45.30151235446496
75,1.852,54.12575800462595,90.17011457209165,72.34746883436421,47.18955180594836
76,1.85,56.34812791721061,90.30318733233555,72.34124005914518,45.36457538427685
77,1.848,56.4155289773223,89.55863385159293,72.58245249660979,41.7084597285541
78,1.846,53.9697359145774,87.12215156910302,72.95522917334239,44.18916293789686
79,1.844,55.59624634290404,89.46730848077146,72.94232118939722,49.02449960383735
80,1.842,54.08965598176036,85.51398151892866,71.96524136883099,44.07782922163349
81,1.84,56.40706432651169,97.62262893843557,72.51009584566233,53.8355299181828
82,1.838,52.083211418649135,92.44007247064069,73.30555080291819,53.11106718493974
83,1.836,53.813348298199074,92.42738107277543,71.90910333202498,45.53337906061535
84,1.834,59.46644440512955,90.70510754535155,73.71449499874619,44.10563689058003
85,1.832,52.48278102954292,91.6934246912144,71.95185474460831,59.1922684387862
86,1.83,57.52456291985365,88.29675749659172,72.66781243674426,47.37108412458776
87,1.828,59.13175318977319,88.39057930088336,72.19196602593196,42.45096030970869
88,1.826,56.14964096803602,88.30017510993763,72.89741837008847,43.35188318256963
89,1.824,53.40399495225513,89.47515239394417,72.67738225669856,49.60071786965515
90,1.822,54.86987915507977,90.71636532834887,70.76914104204155,48.44181086817982
91,1.82,48.96136963366732,89.71907114275872,72.72781187028046,49.36483534215088
92,1.818,56.88315064180735,88.23740265439828,72.29625208357581,48.199330714972994
93,1.816,55.80122121938717,86.49025490612077,72.39229384073725,44.22350799317766
94,1.814,51.574110585717605,95.37693570780752,72.14852907000866,51.03270010064959
95,1.812,54.260245966143714,91.01302955646568,72.36634502219394,51.13982407267648
96,1.81,59.01065593992251,92.26371016411268,73.94479164424573,53.24804814196237
97,1.808,57.332862937669034,87.90040539660654,72.01379294437012,45.76695191643932
98,1.806,58.29745015647545,93.39748118128365,72.78026225607975,49.189854186113216
99,1.804,59.432127897601745,92.25348908182632,71.98119215499516,44.3162477071264
100,1.802,51.70373669817154,93.37858651740724,72.90674130962701,55.60566749260694
101,1.8,59.725748435766434,90.94081999963008,72.41745219215166,39.16295957463575
102,1.798,50.26537320335612,96.6084540584224,72.00031223113479,62.531996367819886
103,1.796,49.33338336498194,88.48031284942408,72.3457302600659,42.244783177281
104,1.794,52.6005905294313,87.65880810502483,72.82476672080399,48.80686573945685
105,1.792,57.79800218975594,87.36034340682423,72.96597526312087,45.34671325708325
106,1.79,52.88716712327842,88.97881183129812,72.6582708634654,56.952462339927855
107,1.788,49.62724165704487,90.01857535417582,72.41509460664021,47.7740305045162
108,1.786,54.112302107930574,85.78322823917644,72.26259704571507,47.2214368717808
109,1.784,50.44350083672118,91.87737012236984,72.97156216010124,50.63530766436207
110,1.782,53.8323973888463,96.06082741579488,72.83135863906645,58.3342587562263
111,1.78,49.35291205145836,94.44901144621096,71.33292164231824,50.15690672642116
112,1.778,54.83558894352206,90.05437028826684,72.98260933942913,45.77713544450113
113,1.776,52.88514638402226,89.94740517378742,72.08793945049302,48.25555142326753
114,1.774,50.160446071073096,90.08872968011977,71.73028619964249,50.44656792855778
115,1.772,49.56868196081074,94.1301392291146,72.475169223814,51.80361605642058
116,1.77,57.07097363411774,88.34598481672658,72.43483425038231,46.90325443789553
117,1.768,54.3127078701331,90.06839941761149,72.5794394572675,45.558844437938426
118,1.766,46.47480578440418,97.09141538358055,72.89411364770118,53.68764552165607
119,1.764,55.053760034241634,89.5992494967312,72.48706960081337,55.53397919397179
120,1.762,54.961774469323316,88.28981364154201,71.55615726237843,50.23052419817047
121,1.76,55.09931644038778,96.6986111338638,72.16036752844771,57.31893638700826
122,1.758,56.34040560857555,86.73932205792995,72.68323479154076,40.66261632957609
123,1.756,51.676649364135756,91.55857403759815,72.34555718109834,41.48188368626365
124,1.754,55.840622454988946,90.7941683052288,72.15920812821173,50.2961966987496
125,1.752,54.938479013956545,88.0007430206177,72.90451864977483,48.79572689938763
126,1.75,55.27583377341092,89.01877538128477,72.48147860112086,55.8003246990881
127,1.748,56.17240052703406,88.90584521481534,72.98698700242103,41.87504620150612
128,1.746,56.71276578994157,91.94778618404641,73.42813421446898,47.890129143988325
129,1.744,54.880457943308656,88.2574371682934,73.75969270823254,46.63106392263274
130,1.742,57.711785774678916,87.4276105243021,73.01040395073153,40.18605130926239
131,1.74,47.499656548294226,90.28016672844197,71.88615994202705,56.70288274584247
132,1.738,52.808539566882104,96.4942032885934,73.74218313240709,57.35467138142313
133,1.736,54.19568415793697,89.1819742981405,72.38699648884939,47.20206939422079
134,1.734,50.55474571768191,98.04283819876662,72.040082468969,53.93551046563472
135,1.732,56.93888024153334,88.51038804435633,72.75250289884988,39.873969271063245
136,1.73,57.90091486363988,94.43472567165335,73.35549103505332,48.13377467612702
137,1.728,55.53879374870154,87.5780935842492,71.9479930823559,44.38341280227482
138,1.726,58.01580428006491,94.21665366499761,73.01830075897219,55.00086911220205
139,1.724,51.83516048383635,89.08751816089956,72.05740406747277,44.86185383201455
140,1.722,56.222488669039954,88.5375583310928,72.13650661989718,49.60241524402729
141,1.72,54.85179290043972,89.6040281949635,71.2593104029044,49.10253992457593
142,1.718,53.87097587968517,86.2627685241307,73.02260573297316,47.6830161034568
143,1.716,51.663347600298216,87.82826555649211,72.74133769605616,47.69449596658286
144,1.714,55.94241091755261,89.19015853842976,71.96525371144128,42.49409195162971
145,1.712,58.1047552258658,94.18532804063815,72.64711141409816,49.617098623052975
146,1.71,51.935340139055285,93.73828802121923,72.16441874270248,61.77694531256444
147,1.708,56.33577147411743,88.75843642829997,71.59072594007998,47.17787173119374
148,1.706,54.105528116215744,88.0957000571718,72.86362988911453,50.58769438814191
149,1.704,48.28154120847242,93.15927274406181,71.44952632734379,55.67435392131959
150,1.702,55.54913859793731,86.53015006539326,72.0319932810244,52.56836283026028
151,1.7,48.534366688798414,88.19619247376671,72.17211139619626,42.69762125626158
152,1.698,56.935097006532736,88.04672894759061,72.720874152203,40.786825019224
153,1.696,51.136412726302865,96.31038124634615,72.29929513346408,62.934997284571416
154,1.694,55.919399882540986,90.74220928271649,71.88307859389764,46.63526379943022
155,1.692,53.594136269813646,88.2410901637539,71.3410543779672,49.10099093115805
156,1.69,42.68607386411945,88.89392766025644,73.13272799343548,50.0604667904778
157,1.688,52.19748366899654,85.94036649179064,72.30706116633205,49.94705324847052
158,1.686,55.353975422706526,92.08273975596165,73.01593986081369,45.62278966458143
159,1.684,53.51505560274519,94.3259000773778,73.39943963752003,48.5487570131119
160,1.682,55.39561698618646,93.05522170933206,72.75815931663398,50.66613900844799
161,1.68,54.82017366459907,87.26434734301937,72.58526963123605,39.74434932708871
162,1.678,58.47267992580949,91.83924742912762,72.97482902109871,42.94894593280587
163,1.676,54.04221818013553,91.22615132314021,72.22943036100146,53.04338933520355
164,1.674,56.011815969846175,94.71336697693326,72.58493525797408,52.64565429898858
165,1.672,49.48985351968766,85.16924746848039,73.22821521392036,45.721805678882895
166,1.67,56.3725305000536,89.71536733274652,71.64449815927841,52.47361340680083
167,1.668,57.922835594408845,90.48211633320682,72.29135857292157,43.72577441571909
168,1.666,58.98772055987939,85.74917178769054,71.4456032734213,33.58150748345833
169,1.664,54.67535680120191,87.3422377184949,71.79019634550946,47.58570038369088
170,1.662,52.54967902638564,89.29715906489633,72.16224960346248,54.81060425327956
171,1.66,55.85620000071974,90.93956597447611,72.66249486929921,45.49198427111864
172,1.658,55.48262222326872,88.90927549898164,72.17647287622772,53.83103758948141
173,1.656,50.90363101069924,88.66710385410627,73.59859520014587,52.14939920905555
174,1.654,53.75386961939832,87.40882983564791,72.1124153655441,40.4919632030408
175,1.652,54.27170893927719,91.64910857521257,72.42574640413767,54.46143058649121
176,1.65,52.09735164010114,87.39279889826136,71.77570314461117,46.25252015084856
177,1.648,50.89098907818947,101.63068496740786,71.45779865901525,60.64558887565976
178,1.646,52.49292890498195,91.34270507483153,72.15135149408063,41.64201472619579
179,1.644,50.33180304711695,86.85516467923988,70.76124928694215,41.34963598626708
180,1.642,50.77069707735568,89.77885761246858,72.9885202369216,54.26575731429412
181,1.64,53.199201152686854,89.33004480334965,73.52814331053023,50.29272527185886
182,1.638,51.442069967091655,90.50407252480233,71.22145005672135,49.27880230120988
183,1.636,55.68857041311068,91.8725771852441,73.19913288026662,50.10238542834132
184,1.634,50.51610249436663,91.69547116316531,71.48602415831829,54.46198861774938
185,1.632,52.76308547137066,86.37648227686822,71.67764131865863,50.117045363483214
186,1.63,57.80298219936651,88.47698356496986,71.33854279476733,46.2555860672347
187,1.628,49.77790464569553,87.81177066747986,72.17624504395255,58.83531787755521
188,1.626,50.56869768727361,88.7046688442619,72.30041208730657,50.23328184404981
189,1.624,51.640308568173204,87.00276924736069,72.13029565997853,48.50058592041537
190,1.622,56.37209585162553,92.19630409786444,72.37580618833236,51.34229211849347
191,1.62,50.18288741435276,90.82481780166553,73.69922658806212,53.62475964008956
192,1.618,51.19017854062804,93.46496266286057,73.43730275465796,55.90155640363057
193,1.616,57.268205253369736,92.71535745795168,71.40138579798717,57.07958997828332
194,1.614,50.32695714994172,87.52332727299478,71.46527909626055,42.70361359106449
195,1.612,55.97974667368928,92.19464579729593,72.18889063767098,50.74538490468178
196,1.61,50.21605561605314,88.53990791499541,71.7238106389142,43.26569562652302
197,1.608,55.76406973416546,87.89811715486312,71.59954427291802,46.14698731537418
198,1.606,53.85039653241791,91.7681606197425,71.69254517292107,44.55953189962778
199,1.604,54.89854830515431,89.8397475626239,71.61693425394486,43.47318820736333
200,1.602,54.42144210925376,89.68530248920365,71.57817501359841,50.11973234457024
201,1.6,50.981274706388604,88.43625148942787,72.52811281627979,56.190342414236845
202,1.598,50.978413790802975,95.86517704580845,73.13702023559897,58.63027211421546
203,1.596,54.61972080662446,90.40558962670536,70.89766038669093,58.4059384027417
204,1.594,52.6464787267129,89.7587689964817,72.04788296147458,50.42037251079013
205,1.592,54.15819300380848,88.55197645281199,71.74311931111014,43.849083112434855
206,1.59,56.05651334156083,87.01053229384183,72.0851708357215,45.17585936211504
207,1.588,59.83081316750554,92.18031203146086,72.46891950547284,38.06593793412784
208,1.586,58.72042541092507,89.57637527653559,73.0654116525596,55.48429392635244
209,1.584,50.016904702822764,98.30775530329134,72.41743813942348,52.957073715444366
210,1.582,54.28903869335802,93.96362810157424,71.63281921483942,47.44622858139391
211,1.58,56.921720271192356,92.78094181597743,72.71087671594161,49.00309424631709
212,1.578,50.297795945548714,91.88278944052396,71.62677266518372,60.39986317480325
213,1.576,53.917981073825885,92.43354459830206,70.83653784801722,53.350992091413474
214,1.574,53.753961683968186,84.16692685396691,70.75393014284974,33.254093483094564
215,1.572,55.14163375345181,89.69653917274468,71.65419947951698,47.33878740712259
216,1.57,52.812097633268806,88.47169314245325,71.75683304643009,51.00795252688362
217,1.568,54.69670050955812,92.0657268032504,72.08448289537475,49.40543290144117
218,1.566,56.327669915165835,87.29531730165073,70.35119634528864,41.257236092669295
219,1.564,54.24385613631438,97.11918916036316,72.92401071495522,51.24209508795538
220,1.562,51.28534712848572,88.96895612322109,70.7392975489693,50.8995753327581
221,1.56,56.49371813181804,89.08188194709189,72.55106887081007,45.489319040464416
222,1.558,54.040104198728855,87.54894261133416,71.27459131150779,41.87793567302198
223,1.556,50.808421951961975,87.15107009783154,72.11292172846169,40.66570703518527
224,1.554,56.16813455896528,88.20404324291908,72.15810847425038,45.163425865312746
225,1.552,54.98743954334313,90.88504870904278,71.26151669654318,50.51461317673478
226,1.55,51.66439109307598,93.27023774378746,71.47005049967726,58.866507811127846
227,1.548,49.068876920817196,89.71155435325616,72.47313096281636,54.02426770034054
228,1.546,53.122735664625154,92.3934281536384,71.75442168520371,45.477339321613655
229,1.544,52.033594532558126,90.74354347041591,71.8831510370553,46.41512403568458
230,1.542,55.40948352230892,86.71758240931331,70.88874738480389,49.163306905539706
231,1.54,55.28997583206788,87.80923560978107,72.32249933949029,39.17712923053896
232,1.538,49.22938259260438,103.30775026568651,72.858051134365,56.882756365343766
233,1.536,55.22119046129207,92.4366364978769,71.76996139168403,52.66620717261755
234,1.534,50.78376235083675,87.88060589093648,70.4169563220336,50.3921474855244
235,1.532,55.485564852231015,94.38412429068404,71.44476128315472,36.47370246368717
236,1.53,54.47280709843656,99.19067617182434,71.38447921921782,62.95615567050372
237,1.528,50.25984934654956,86.82137286272632,72.4830423677165,44.66449226194154
238,1.526,56.21176873100892,87.81609940594552,72.3075360339656,39.34000417288712
239,1.524,48.56085910379227,89.02323873548929,72.02421393404465,49.30239335278875
240,1.522,55.68342115997368,89.90631578496729,71.8945314374007,45.04129021517764
241,1.52,51.470910081891226,88.70143231167724,70.93263009780961,46.61322469302923
242,1.518,56.06317790763893,93.25065058199854,71.72484264470961,58.13799076542645
243,1.516,51.21777168725253,86.0446336864042,71.20892598164455,50.37269642934152
244,1.514,55.39953129407828,96.78436313934802,71.8019572704004,54.03570536738548
245,1.512,46.364242070932434,88.89957808459364,71.4786984381949,51.54333416696645
246,1.51,54.6991742994587,84.419936909611,70.10098523383813,45.37841679188716
247,1.508,57.25655177186007,85.53745938297631,71.3141165568061,40.44097821865047
248,1.506,53.236047948924885,90.4002119343091,71.37035753959023,58.22448125470944
249,1.504,51.72897230804425,85.44183978244966,71.03953380381631,49.00108659312498
250,1.502,55.347660277578875,87.90275221712305,70.06955063088276,50.13148312491275
251,1.5,52.39710799289754,84.76152267531444,70.40984557928192,48.780898966315945
252,1.498,54.623932614342586,89.3726525733158,71.3119703724177,47.58540058583742
253,1.496,54.35317949534688,85.91781854826269,70.68063034415026,44.567695560107445
254,1.494,44.20908486542862,86.13502348473801,71.64978656717227,56.61761283395325
255,1.492,52.89957949870277,89.23342372523987,71.50911260831712,53.84847211305387
256,1.49,53.47625897172779,93.41437582378714,71.46338156403611,61.57994797950576
257,1.488,52.136877432228204,87.40622911089953,70.93225195303512,51.277780372709685
258,1.486,52.604039437207206,90.6374228439517,71.85420675585361,57.22767502629976
259,1.484,46.732239689030294,88.0160671309392,71.3815576028312,55.03553524690624
260,1.482,56.27118194817296,90.65464400795348,71.06070117102088,45.85858043284309
261,1.48,52.03692608504771,88.49253682527218,71.1261762148366,61.91930682345493
262,1.478,53.93867382499989,86.2615039873376,70.76765170176236,55.41693629757648
263,1.476,52.2473088202986,83.87254786854469,68.98298434021042,37.65302304524428
264,1.474,55.827107931665104,94.37792908955032,71.21139999734045,56.78326841245469
265,1.472,50.62830074583164,89.79603795840256,71.60791877945888,58.68991330585336
266,1.47,49.90773345021664,89.03512861277059,70.1541741676896,46.675272383329
267,1.468,57.69834151498909,85.57283315465459,71.0096397343875,38.87250898338301
268,1.466,47.40161582334464,89.44092063824175,70.95452040360257,50.46443288155348
269,1.464,56.103590598652744,93.70857588464891,71.1454603597766,42.77756489069291
270,1.462,55.12888532613533,86.07215586997233,70.04675025725861,46.54477414434252
271,1.46,56.20502234882784,92.13628857260305,70.84215555763573,47.06468809009493
272,1.458,56.90640542179125,93.79502899807096,71.12105027739308,47.35172640201595
273,1.456,54.087314028605896,86.46510637535224,70.42823769208873,41.37580535272419
274,1.454,53.695340351323715,85.11232831798594,69.72421267966149,40.29023063319448
275,1.452,53.0845690919736,89.15423654142091,70.27216820647178,54.315291367239126
276,1.45,53.992305324201126,82.56500957750586,71.133815811685,39.54820637153538
277,1.448,50.00620036290675,87.20785341370868,71.2418537772439,47.67554816161585
278,1.446,50.050592481111586,95.59523663660269,70.65809545615227,53.4990713497358
279,1.444,52.571605521940775,88.32601060471593,70.2163415698533,50.34019279815872
280,1.442,54.131921382538394,86.86347741875977,69.95073025454509,52.848892785473815
281,1.44,48.221997793310464,92.21956185755931,70.03129440174713,56.11437003780191
282,1.438,53.643561051954535,85.25978786083938,69.97379968929549,50.98608699828614
283,1.436,51.70653267605824,92.33518601659298,69.67120964718353,51.48580228185608
284,1.4340000000000002,51.743813690886824,87.98478876633781,68.51669124749904,49.82206976910236
285,1.432,47.03320591992552,86.50205761883889,70.45897855329146,58.00129338327347
286,1.4300000000000002,50.738566270689205,105.47911424947269,71.79168808444783,62.926767524491424
287,1.428,54.89404468013746,86.08921117866986,70.89055100879737,39.5878860385228
288,1.4260000000000002,56.45810062421974,89.49356840853821,69.94748578945999,40.639129987830536
289,1.424,43.880507561037305,84.21133734550185,68.78526690764255,41.81394506484735
290,1.4220000000000002,54.05250403344847,91.06788182238579,69.47388599664998,44.71723023935728
291,1.42,47.092757687402624,92.71852664184814,70.04314838998887,60.00952153648221
292,1.418,48.29205093278462,87.10286712111642,69.70114822611144,50.52909648890121
293,1.416,57.60392213957631,90.0553016996361,70.93980087143089,43.61277020132695
294,1.414,47.215180536265166,83.75921826809501,69.45969709596503,43.29869472750646
295,1.412,46.43487633776274,88.7169180472205,69.59520236354805,62.41307066735504
296,1.41,48.98887652715129,87.93883167305493,68.26951285913076,48.7819732833386
297,1.408,54.37454268590584,91.48405749090851,70.28131323510021,46.60058591442058
298,1.406,46.97201735497828,88.9891607876463,69.41655444160858,50.067033912143664
299,1.404,44.830401025937974,87.13782796407442,70.45476377095542,50.33621815953771
300,1.402,48.46097690775942,85.24973810740678,70.82439437232499,43.81098296551115
301,1.4,54.42069206610701,88.09031433893045,70.49622345664977,57.17903650305419
302,1.398,47.21926455395345,86.98839507509838,69.21631869803576,52.51006313315544
303,1.396,50.47116823146659,88.13766726662476,69.5498077143823,57.00420878542599
304,1.394,51.291501694858724,92.05622678488241,69.91562817388574,59.87843018140379
305,1.392,51.58487134437295,84.63357046962328,68.47716510631582,48.526499606395504
306,1.39,49.23669623731573,87.65440444651468,68.80249205490507,56.50671470082568
307,1.388,51.201109159309546,85.86590591254107,69.18699149729252,57.12588567834386
308,1.386,50.03936510575147,90.24420272430478,68.30841609500354,68.94573568853181
309,1.384,52.68534212430027,84.61518240840084,69.21392526120958,50.77926099294463
310,1.382,51.40728041090259,82.7749823385646,67.29758505396049,53.47036699810764
311,1.38,42.79287732170909,86.28662739854317,67.5525833302224,59.71814483133284
312,1.378,52.11655177189256,86.69968179173355,68.33408623014753,50.38392591408342
313,1.376,47.186145086333,86.91696898800471,68.9134519500377,43.05790670398244
314,1.374,51.94306036944822,86.42138533041421,69.2346611257089,50.59077191036708
315,1.372,46.69903061699042,83.57155159153373,66.30366378245866,49.500586313013976
316,1.37,43.325676861409434,84.8980965034578,66.850107007375,72.76656026722065
317,1.368,51.95456281684096,85.27884469065836,69.87311178902493,43.11794967644426
318,1.366,52.41723056647888,86.43486655157706,69.23944138496009,57.96931995520796
319,1.364,48.16188526253801,85.9426549150454,66.83629352657417,57.41199545499674
320,1.362,39.08623970811719,91.69617090380719,69.87575003374342,74.16690184830229
321,1.36,46.014047168908235,88.29131449939403,67.24074960771026,55.39975613656011
322,1.358,38.88128878593416,83.58454290747835,65.91642823464818,60.405086206765375
323,1.356,43.86054573190236,88.89505972534657,67.56013969435331,63.665466450377785
324,1.354,48.91072552999,93.17450000022221,68.24489840042432,63.40796794365782
325,1.352,48.52872980601773,87.76101623814785,67.54995688455739,56.94911078437201
326,1.35,42.95764244856191,88.04378319621938,65.81527032610698,58.88281861150621
327,1.348,42.685544857878384,94.22866416439497,67.98010424515812,61.90284367092045
328,1.346,43.4884392472418,84.7147038553559,66.88763961465051,56.77467908863394
329,1.344,41.00016106285399,84.54989670181685,65.87776322901723,67.64557925446559
330,1.342,42.76057234541342,85.59059848396858,64.83064183777118,74.33752881865823
331,1.34,43.273649378413225,81.64266450444218,65.14672848038472,66.35417584667553
332,1.338,40.546442613452164,85.39487757709969,62.39889080240238,70.82779339901924
333,1.336,43.660399597233756,82.6957066713889,64.656554512021,66.90024980777447
334,1.334,44.23224864883581,84.29193258881085,67.67888026011786,57.04946715914196
335,1.332,38.026516161676156,80.20867201224847,62.75893562420434,70.172506001562
336,1.33,38.414264973867546,83.47289902286576,62.83043254893805,78.7687325645578
337,1.3279999999999998,43.36107862963546,81.24221670234856,61.28945917643166,70.80774560650673
338,1.326,29.366000520526512,85.28876678250022,56.196661491008705,110.77154822301137
339,1.3239999999999998,32.65992901492841,79.16934542483051,56.61520667756663,125.66872519303811
340,1.322,30.35320640050928,81.80525537194335,57.354304483173074,105.81750840657186
341,1.3199999999999998,32.143165163144936,83.59232468888952,59.8805829775667,103.7858691029112
342,1.318,32.183927146782835,82.5999684311145,59.96630777718755,101.1237825375354
343,1.3159999999999998,26.65329150438592,90.24710329784257,55.50516824000717,149.46360397950212
344,1.314,30.10299127379293,81.36616089372939,52.26266505068122,139.73393223716698
345,1.312,32.5217834626095,80.85706995799737,56.30038570464397,107.0123161421347
346,1.31,23.838133290681498,79.91517704931665,46.139919218189625,165.79672456070614
347,1.308,24.486369627061592,80.84436960535758,52.29299271508404,144.00340380018042
348,1.306,29.69486669909824,75.29891010667286,51.35256472560391,101.06044799358176
349,1.304,27.128292456494208,78.91750967485059,48.15179555043467,165.4053833450748
350,1.302,25.9221835662661,78.7472803255484,47.297172732071346,158.76052274108574
351,1.3,21.121885074591226,73.6746643807543,45.443557113930154,134.84440491117402
352,1.298,19.472656993047146,73.551447737948,43.58099332056805,174.0796481028147
353,1.296,19.89145826915437,72.42685402427644,44.777335180420394,139.23387024672982
354,1.294,25.508053977247812,77.89112414697047,44.543744701912644,135.33826653973776
355,1.292,20.159279752586272,80.98761517346085,44.53131052268181,147.7114717096056
356,1.29,13.972783157561956,74.17607442485773,41.57952967301981,151.96279599132808
357,1.288,27.38591187083253,76.89617633537736,47.09910153804347,114.83289360549516
358,1.286,21.523869596359802,70.21978827288089,42.910948919169556,108.20666109341612
359,1.284,19.71207093985926,69.30315914017694,40.03723167972585,101.09538642195528
360,1.282,10.28323369909046,71.20976823177776,37.74061517418809,126.4552020172574
361,1.28,23.335891703136348,80.79862701051277,44.32447968928453,165.14100754733514
362,1.278,16.91226148375172,73.88276280900695,42.488272383946814,128.03888736109033
363,1.276,24.633992586892802,75.2775173749328,42.20433243013743,115.6156459351832
364,1.274,16.086047724476572,80.54126012279264,44.695057737262644,162.54068390653808
365,1.272,18.28127057156029,71.55284684257529,39.06625834002051,134.01791601533975
366,1.27,9.381211026149927,79.50552423384543,38.859342712548276,127.5356050805493
367,1.268,16.809292828617856,67.68435749524927,36.45194464050624,95.85342040942116
368,1.266,16.855491981013394,62.03424777490777,33.95631997963445,81.11968854692273
369,1.264,19.465412300897917,70.94014063557255,38.46632406884312,106.9920652689523
370,1.262,12.206508561084007,74.01701359752258,34.01616918968644,101.92282929840312
371,1.26,18.771416382568752,70.67588935803565,37.478157958446616,117.31601631642214
372,1.258,14.577033198683502,71.10421374433695,32.93072997741589,97.3132496128366
373,1.256,14.626675412353016,69.3602886706285,35.49293670245921,121.24930409650872
374,1.254,16.799429479838558,71.39051384958023,36.10751817882573,106.07998406047172
375,1.252,20.708667610985472,69.28901038973113,37.581969056921736,76.25661956613095
376,1.25,14.24345527448834,52.38515642439893,30.777917089483118,69.13300606680082
377,1.248,16.904345266609766,65.4890154913178,35.77603343320705,79.08176987526927
378,1.246,17.357350085206868,62.82152428184206,33.25146755844378,76.24707168025346
379,1.244,16.410309114540702,71.08240536143511,36.34444275911032,86.43491567378906
380,1.242,17.4895284356257,74.71608198143639,36.821792711219565,104.13895766935276
381,1.24,16.220769115414015,71.07030074669468,30.001264817355903,78.38623858584752
382,1.238,19.996898627325606,67.66533710865573,36.78672852172686,82.68247173183067
383,1.236,15.260575143604939,70.49890351885254,33.822534397326166,101.3776100564701
384,1.234,13.472500829349187,67.3198253665322,33.21731129010814,94.63263777628264
385,1.232,17.752930637065766,65.62530411821625,34.794204520081436,95.45592013656557
386,1.23,11.636598268944773,61.084671027490096,33.17875538612947,70.16956680434792
387,1.228,14.34353470202931,67.87483576167838,32.96455504829267,75.92346373473765
388,1.226,15.711389943518327,53.11726283175477,29.32743503201243,51.26993266434516
389,1.224,10.674617325241897,75.75061157744078,30.347246577278298,117.51893298968544
390,1.222,15.047084593621129,71.79372116230951,32.85321035040525,113.04301596852945
391,1.22,13.283591836005385,63.897901756246505,32.28548411115251,95.53703191528196
392,1.218,11.370572717443338,74.93697535190928,34.00732401820092,89.54018161819434
393,1.216,17.264478399143854,69.68900419750902,33.37088994820455,71.69888614386814
394,1.214,14.889236507582886,67.48201307543548,31.144809772187543,71.85786388478766
395,1.212,11.529605093957478,64.58771567351403,30.11929613075123,80.5805019056599
396,1.21,15.396996137073636,63.394097551051004,32.666718183613256,56.671701002837
397,1.208,14.837572057045577,59.85452788058639,36.795001211373005,64.74984022182554
398,1.206,9.773409724049635,55.80816728595832,30.53277837649736,66.90702381583098
399,1.204,12.177950640333478,64.38869541776816,30.85540342577069,93.17903723617437
400,1.202,11.89795757360298,63.167821494569914,30.579515084202477,63.22565571868059
401,1.2,8.321586520135398,64.53618341769926,28.934474482172632,85.69786964807615
402,1.198,11.22081009727603,55.58348676855461,29.18714813963249,77.1589342757943
403,1.196,7.413399264734991,66.80230942693757,28.661048604388036,81.79396862194585
404,1.194,11.316655308143943,51.71918137529817,29.412858195452714,61.6456586035145
405,1.192,13.351367685619024,51.28583144300123,29.657492998133662,58.606637852059656
406,1.19,8.65758593857852,45.82159878468835,28.837203620142247,51.88891751807504
407,1.188,8.73487912636567,82.0415608237978,28.522099881459596,91.81549399444894
408,1.186,8.936454502719712,42.1329357898167,26.387221361658263,43.04274938806926
409,1.1840000000000002,13.132413247826996,51.24429051531409,29.220499456001207,57.57005246110041
410,1.182,9.151183136381775,54.77573255940038,27.36496133024947,47.2045253207404
411,1.1800000000000002,10.386937188227094,52.11895740498713,27.438104075156886,57.01546963863552
412,1.178,10.932316165889787,74.83850091526811,29.335350400032198,83.74111655444064
413,1.1760000000000002,13.787186939327405,64.53989595181702,32.31527611656835,83.4082728025842
414,1.174,10.713190831139826,46.508401159079725,28.516081078972313,56.47478646363719
415,1.1720000000000002,15.335886626171629,66.61212676330298,30.72436481186118,84.88668022071904
416,1.17,12.60391653251748,57.93167375091599,27.73979353910328,62.70011243115811
417,1.168,8.948868851065129,58.976025387621796,29.11843715995162,71.01652484103465
418,1.166,12.156175960321306,64.84125283389669,29.222536429678108,62.87021012470449
419,1.164,10.064430128723593,64.00121694155948,27.63063120301804,72.38378814434454
420,1.162,12.56554791574726,50.534972645961034,28.88792641878537,62.18434078081051
421,1.16,8.352357066149366,42.350423386326,26.63234796610371,43.60704899714813
422,1.158,11.912152791969277,52.29739135843622,26.632598574224758,58.68043465703519
423,1.156,11.52437557087515,62.10867108275763,26.419395909599388,54.73008447881164
424,1.154,10.169244541674047,51.690004516995884,26.159906336599022,64.19550525132922
425,1.152,10.908816599985194,70.99451326418031,28.17079330877509,74.32808262837997
426,1.15,7.240554709490581,56.677672588437375,24.960978421367102,61.58551053229285
427,1.148,10.284471506398901,51.41808029036992,26.129024695479956,53.89441443323551
428,1.146,9.549153043737007,48.71817983287239,25.38954809396421,58.99345630809515
429,1.144,9.391000648981695,66.99356695842256,25.105174546121866,70.432036639502
430,1.142,10.0474999641077,52.914986265914266,23.908170841515272,52.25298675119174
431,1.14,12.05235574877777,48.27501883699882,25.091153012116152,55.85766134050984
432,1.138,10.628508536736746,56.168794303069575,26.615474962799595,61.30978387187934
433,1.136,9.529680645911327,56.61199849246721,27.743577319761876,78.64981577525845
434,1.134,9.374814375343242,47.80104430297883,25.853743383057406,50.877102886841406
435,1.132,9.339899450799791,50.68572884076802,25.552893758413916,56.976658675918166
436,1.13,10.843547936791566,43.797379143390245,25.25259207940629,44.78662121293978
437,1.128,8.988200470945756,46.89290599115466,25.465733690630053,62.70136739058751
438,1.126,8.754632597570932,53.01056265317156,23.752555318003857,51.79957710798672
439,1.124,7.2155544648040575,49.963052866600634,25.825995436692445,65.6988863805064
440,1.122,11.936023377917259,66.33604751224385,27.284440723118095,69.34210097325007
441,1.12,6.075470180905427,64.52491284814998,23.847518375622144,55.4584049751182
442,1.118,10.164470896013782,43.196076324189335,22.736141492174397,39.9964429165864
443,1.116,7.6070878070335795,42.55371676288871,25.253479914632713,48.86860318686039
444,1.114,9.077892140126586,41.02594865381847,22.12274354981961,42.72154969556116
445,1.112,8.15776904410312,56.27449381289335,23.532199595691047,56.98450928598298
446,1.11,9.76389232757932,51.625896007831585,25.153166534458435,58.12011239387255
447,1.108,10.12621520491193,55.07619890029126,24.406388306812417,55.53224789355201
448,1.106,7.4773969985729,47.27001224941892,24.271066189286458,59.63574976856729
449,1.104,5.4271033925504355,50.838127209322764,23.333470985466207,57.3497942538705
450,1.102,11.196779351544876,49.001850607734866,24.508784476151916,48.214952244560926
451,1.1,9.148120075557664,40.2124833125409,24.472554089998823,47.39089967092969
452,1.098,5.1326722630369375,38.28809272939094,21.699017869085452,43.56823636518274
453,1.096,8.537195135781232,63.364087409191356,24.386479366677307,50.78494098647545
454,1.094,8.08111403006977,43.13952536332162,26.120929510026528,59.61208305341393
455,1.092,9.176574558732874,63.282901525563915,22.47929408250468,53.69469000142057
456,1.09,7.44617947115789,38.09420127614001,22.98722534637602,41.901683969112085
457,1.088,6.379380179998904,53.848555413126036,23.903353962272206,58.78553823646162
458,1.086,5.923981127457338,42.73808650999088,22.864959680432634,50.84893976641133
459,1.084,8.495914000892668,43.03851602806467,23.27760532801338,50.14974687051223
460,1.082,3.5850783802303425,45.878671517661665,21.42749106588277,44.51319533585023
461,1.08,5.014199283426933,40.51816895644641,23.364743805830592,47.11538585993209
462,1.0779999999999998,7.387843306013451,44.63589267521547,21.362798395228175,46.9689143528611
463,1.076,7.861256241486416,50.21888346178752,23.437757557808617,51.62215754927702
464,1.0739999999999998,7.298593189258426,41.659034579240355,20.99958461991369,45.1222741890493
465,1.072,6.813182113432589,44.26259002956998,20.91904323689507,40.50443275086133
466,1.0699999999999998,6.2020102950286,43.36518187691826,21.218453024238897,36.29375207696347
467,1.068,8.776756271843382,41.277942939633135,22.878175407791744,45.80832748009914
468,1.0659999999999998,9.854486589751666,40.939244776449875,22.596086802939006,45.10432091549528
469,1.064,7.544702334084462,45.19422886680688,22.46600715236555,47.85552234557119
470,1.062,5.999471654943804,46.65581226861667,21.670366595878086,54.05332981318068
471,1.06,5.897311753432447,44.34775594596888,21.859809139800383,46.7367482954495
472,1.058,7.674418185004313,37.03069392472937,19.812511077878966,36.10876911037106
473,1.056,4.443936863327394,36.89495807662406,21.148240352653666,39.18958181245488
474,1.054,5.800007043857008,40.53842999007362,21.204067430783894,47.328391452364784
475,1.052,8.185789562456208,34.92700015656888,20.393326218046894,39.963521910082
476,1.05,5.912090062059889,43.37374560292767,20.363326512856148,46.622570090071605
477,1.048,7.943454514348403,55.65297763749178,21.139685767589583,42.93348129632112
478,1.046,5.8200530521811515,41.27351875201104,20.122349247015585,39.11459789481082
479,1.044,7.292064116521217,39.39137946649896,21.343672599211544,33.74576921338844
480,1.042,8.386939771462622,42.05964613037539,22.17875289591894,50.21664554709752
481,1.04,6.524275092013937,37.39957970129513,19.247861031778726,41.86340520820614
482,1.038,4.2008370176280465,46.701643559858866,20.10621595770462,56.409351608219865
483,1.036,6.465833205887364,47.94226105882885,19.527478489617145,42.152529767195
484,1.034,6.710340921022677,37.60253371268924,20.340778535759448,43.83680938971781
485,1.032,6.243976997295903,70.45542573466409,21.772249542070078,65.79882672398028
486,1.03,7.656038231555186,37.144312969613736,18.809957971448824,34.47524613072994
487,1.028,7.420373780024633,40.21177824399008,21.029497351741576,44.00726015173682
488,1.026,5.842380021115716,33.7704782254002,19.87020688580651,40.40742309840944
489,1.024,6.448058916293917,49.44632286366555,20.25347596089938,44.21071311091879
490,1.022,7.774355934234023,32.31110729070174,18.051954991530664,33.10352065016944
491,1.02,5.713202422265525,36.78574080808397,19.659377852829024,41.12211815768182
492,1.018,7.607087749047636,36.37790112384772,20.62733932237174,32.0409954426703
493,1.016,5.30778073184716,36.286003972150205,17.324087221500086,36.20610425781993
494,1.014,6.247866118637745,38.069854010881116,18.486555480909367,39.56462020057728
495,1.012,3.279987809912612,63.243533647625895,20.124369907712705,69.3292335411495
496,1.01,6.596584892068108,59.07084838151211,20.062517997618365,46.52682904815071
497,1.008,3.4898313383362023,37.81502003710621,16.867456865545357,35.93960245549071
498,1.006,5.76080378232875,39.989543643692784,18.45511123168147,34.3735658928667
499,1.004,5.4696189616547315,37.423059982053516,19.132936157432226,40.11842909184762
500,1.002,5.841700245502736,34.706020487072834,18.02830019572245,38.940741271520665
501,1.0,6.703912122806301,41.53035133981264,20.700853284821648,50.30120046020219
502,0.998,5.790827423275843,34.549832829247826,18.81171685505136,39.73401811642379
503,0.996,5.780550297585748,37.084726245227436,19.100992011337738,39.54791911572809
504,0.994,5.910387777367916,38.76922639074695,18.90121816622502,43.188573618190375
505,0.992,5.844670270764013,38.37420866016933,17.71097199896748,37.03316617100354
506,0.99,5.184687354047881,30.603446247726666,17.108242420723926,28.895847549681967
507,0.988,5.715426685347339,42.03730661271301,18.502145265712755,38.04296023595828
508,0.986,6.66864197035585,34.28316855813709,18.382688861291037,33.09060513861868
509,0.984,5.497024288665429,37.3156008549185,17.41848581842688,38.989894671049335
510,0.982,3.3445108907200876,34.46183373797152,17.258952575313174,28.046275493327617
511,0.98,7.07582192013804,36.57653770583484,17.88471890239191,32.19011663038241
512,0.978,6.771897128218441,39.72066145573608,17.127134095968955,30.017925500061324
513,0.976,5.061786792804114,36.89915010192708,17.31467337077774,35.73872690632005
514,0.974,7.828787345259499,29.028516212646423,17.135672699762317,26.979285113665583
515,0.972,4.78491769356269,31.394445279474276,16.701547048564606,28.037460911244555
516,0.97,5.415746876756842,36.536234414631714,16.192435297470823,39.4680518902012
517,0.968,5.87916116133087,38.92307492151295,18.351866375746596,42.71339203723445
518,0.966,4.331094770386912,36.404475048987784,17.87993083491783,28.22048766918629
519,0.964,3.8320846785643283,34.85271059313119,17.278486698072037,36.80881513485549
520,0.962,7.714212598740417,38.17631606822498,18.045195369291235,37.48607559876744
521,0.96,4.529549533180088,31.86121841264027,15.456751894706002,31.38184390115237
522,0.958,6.8021609531255365,30.337764049492705,17.00132136300354,27.011596572858327
523,0.956,6.362925845013422,33.41870236376776,17.431720510321462,33.543895758559145
524,0.954,4.385443595011793,34.7351456029749,16.671573517401413,40.74577266474287
525,0.952,3.2972862815283435,32.171634237361744,16.555408404458646,38.76000292826284
526,0.95,5.052353530717269,38.550212790808,16.19007456092369,36.896698568077454
527,0.948,4.194420049526329,39.49980270668815,17.474737363899948,35.17292584153584
528,0.946,4.683370269092848,35.245521448096305,16.8036550985562,40.95350978314586
529,0.944,2.182451868196722,30.27781074190684,16.777890017480885,32.83155864946547
530,0.942,5.281023467352227,39.39673432355486,16.33513557544724,35.30995819389849
531,0.94,6.939468097171087,61.97946922689848,17.47733060047066,56.8392400141696
532,0.938,2.7070167525738213,29.467896207865202,15.985835739393508,36.23222728951677
533,0.936,6.428703991532146,31.82922583962879,15.719953551565645,31.79552474521685
534,0.934,6.603644006163179,31.25182248811373,16.119119045930915,29.346235232833244
535,0.932,3.198815006040917,44.18333290260391,17.01469283116213,40.75719011086452
536,0.93,3.6005842059382474,29.438384696418623,14.634718103471926,30.67661494927888
537,0.928,1.6590330569358542,29.780245605457957,15.392551514973917,25.55516101866335
538,0.926,4.677213947240617,30.58991209136083,14.94503631278431,26.750041926742075
539,0.924,3.6364583599692963,30.971530333974478,15.261131370561316,31.363728690109955
540,0.922,5.886816011007596,35.47595092298544,16.245116288276492,34.17110678083718
541,0.92,3.9708735208484995,35.905320677888966,16.08823757026012,33.33166241141956
542,0.918,4.386825689954847,28.117789658157562,15.349565420833812,27.909355384192345
543,0.916,3.842128073508178,35.430325134386756,14.504520657700233,37.12556433902929
544,0.914,3.230525410278659,30.286375280388867,14.672997062778862,23.616655572101543
545,0.912,6.828633943628532,28.848719559961367,14.815390922094956,22.52048579258379
546,0.91,3.601149547960489,28.832629430048556,14.762607374857993,24.03426300763802
547,0.908,4.150203453977511,28.338677613048205,14.192540353419687,26.657794112257584
548,0.906,3.530864599562207,33.575144076543246,14.17340081422364,29.78902027074998
549,0.904,5.41693606749331,28.37224745832249,15.351404036779314,26.28391671855572
550,0.902,5.943428960910424,31.65241280445437,14.723267370638112,22.125458658646213
551,0.8999999999999999,2.679354752397998,29.165432425258146,14.404104827222987,30.1624106020394
552,0.8979999999999999,5.187406411531228,30.730445610309566,14.931642287680297,26.21094982609297
553,0.8959999999999999,3.3057201313023796,34.851990690047664,14.400620795809921,30.23712957564658
554,0.8939999999999999,2.87462816587707,28.473750013572428,14.410112679313869,22.758714844330186
555,0.8919999999999999,3.6129499704498755,32.088504238225326,14.305525971402197,29.10944029246057
556,0.8899999999999999,3.0912261491784534,56.54308138020863,15.028142704122338,42.49477869991231
557,0.8879999999999999,4.144465884518397,30.252327628189676,15.490088092990767,31.34254863410151
558,0.8859999999999999,4.588490166162572,37.332141395678505,13.677381945053654,27.040920710540124
559,0.8839999999999999,4.031017992428104,77.26167480812028,13.829704716604844,58.274177269955565
560,0.8819999999999999,2.676937361122583,26.392064560075767,13.053302838857618,25.284342160254525
561,0.8799999999999999,5.210174529248533,28.380736859646262,15.32058687602806,29.1533923490362
562,0.8779999999999999,4.105941050161675,28.24891065778877,14.315297119018517,22.17547852660171
563,0.8759999999999999,1.8274422415231868,31.809623746317,13.881653577117518,24.54305637405895
564,0.8740000000000001,2.9512944352739225,33.64506681647724,15.135509548170432,30.0728521602288
565,0.8720000000000001,3.203500722770926,25.887112055783234,13.733380226588174,23.42650737373897
566,0.8700000000000001,1.0139361451812618,28.005854685797217,13.143880964309702,27.14715993836292
567,0.8680000000000001,3.402041897195602,27.83090467230494,14.04178532702538,27.68483172347874
568,0.8660000000000001,4.203481160289485,29.33652471852404,13.474156132674409,23.87560457144024
569,0.8640000000000001,2.147758760348097,32.46769882387992,12.991463536399117,27.392579129528272
570,0.8620000000000001,3.014180529886019,25.939005632581825,13.74539290814672,24.82798587665741
571,0.8600000000000001,4.802975323170031,28.68869941353774,13.310073554276322,22.63144037773308
572,0.8580000000000001,2.932347131639844,28.290435855599256,13.445044550236751,21.45816615961936
573,0.8560000000000001,3.7335570430524143,27.377353321456063,12.565707664474722,19.29890001715139
574,0.8540000000000001,5.014859092639142,35.753846606844895,13.677032919701233,25.7628763074987
575,0.8520000000000001,1.9162568177959685,24.398442234036025,13.178853932717892,22.76030332457245
576,0.8500000000000001,3.6638401374717375,26.410369702005468,11.553398067832077,15.602591031038669
577,0.8480000000000001,5.150832996405583,32.975031403943,14.378509658068076,24.20460053800632
578,0.8460000000000001,3.1715594157242606,25.36414994132916,12.753816361788537,23.58607163203424
579,0.8440000000000001,3.7940529060295063,24.223685304814197,12.014800486748626,18.702494399773155
580,0.8420000000000001,3.893773609981608,22.89810099017521,12.6296021173426,18.378651130280357
581,0.8400000000000001,2.5562856468465043,28.152486909751076,12.769631921717078,26.1139965921562
582,0.8380000000000001,3.9113724606908846,56.394974585512415,13.645320657099106,35.43415469689789
583,0.8360000000000001,4.687605895257107,23.507207436750605,12.82218322290126,17.58147070722606
584,0.8340000000000001,3.7376338065270573,32.58688989046872,12.374234399098334,27.93848221837986
585,0.8320000000000001,3.576158942351128,30.203384938330515,12.446896610584304,23.701054935718517
586,0.8300000000000001,3.1775205530819903,27.08284793835052,12.656774305617901,26.655884998881294
587,0.8280000000000001,3.4989821498313063,55.889706446295,13.485971651612104,35.29685132592052
588,0.8260000000000001,2.9337468312881896,25.859481732128437,11.874177212765943,23.127684488838295
589,0.8240000000000001,1.7281996250456473,22.766642308747286,12.673187820207303,20.67904719273413
590,0.8220000000000001,3.524197174429986,25.899633221359473,11.60211181013333,17.320800088685534
591,0.8200000000000001,3.848326203276315,27.203005512045877,12.23136302240615,18.077832852838934
592,0.8180000000000001,3.1950532872790234,29.94753124861367,11.786889533014538,22.936608260840337
593,0.8160000000000001,3.233216531996206,31.34655363436135,11.657212332000022,20.346053539613063
594,0.8140000000000001,2.9266670454639296,30.796361119249582,11.464711445579297,23.11693901804
595,0.812,1.381675692529896,25.44760739797742,11.690989137163626,19.626071252960667
596,0.81,4.362726595947393,23.75508780124678,11.557316040351722,19.05920581590977
597,0.808,2.0475392872379103,30.443262999838247,10.848865040246608,21.127855902998164
598,0.806,3.16566052510764,25.748920748103366,11.442905845426822,19.97392720436604
599,0.804,2.7744035457919693,25.548037409004337,11.788817086983912,22.29546059092969
600,0.802,2.193895753596891,26.619609255046882,11.043885380904612,18.54722458865153
601,0.8,3.4250519279349163,21.232444578933297,11.294992851750266,14.712255786906224
602,0.798,0.756872867900583,23.692700367815917,11.288978439471691,19.526122218383676
603,0.796,2.0979906854225447,21.03702396370666,10.621841823140343,18.379991197397544
604,0.794,1.7279686865715291,30.58636820447534,11.57478812573136,23.3752935006953
605,0.792,3.1431021631970992,27.416675025020766,10.158584923567986,14.909144272661852
606,0.79,1.655307592501856,27.800737873818903,10.888817965750249,23.33469347847804
607,0.788,2.7842693494877864,29.79299954440711,11.325569288326825,24.213902641179317
608,0.786,1.836142864873409,23.394800216669687,10.908118586586177,18.466839219428294
609,0.784,1.2531671138161897,27.415297643760134,10.366991938884624,19.49063220034018
610,0.782,1.17005325507931,23.27800493155756,11.692894286574742,20.8991944422872
611,0.78,1.2168113164530467,59.532007058453004,10.941655731756036,35.85047036888338
612,0.778,1.674423039048932,27.36925143428023,10.133308134546432,16.47704457089447
613,0.776,1.128411810364426,22.00509790303201,9.896894715350157,14.681825234817335
614,0.774,2.562712052142743,27.247270260523436,10.558399838840927,20.127489268372145
615,0.772,3.2246659533366966,23.632858890808222,11.016509834790511,22.10315337389556
616,0.77,3.8636190816287126,26.522294372574486,10.951580040352866,20.262221562524832
617,0.768,2.393098904395515,25.454503539556534,10.625126361164021,16.867675290921753
618,0.766,3.267297425545209,24.395451187021386,10.876448180630966,18.51247345608201
619,0.764,2.308335719993906,19.989509658631107,10.438472793363907,18.70189841464793
620,0.762,2.4673392711666082,23.059359345135434,9.950519776977742,15.94110356544489
621,0.76,0.7043213984362922,26.441181262189644,11.120748518048941,18.645676939818262
622,0.758,3.8483176805663675,25.376339426984458,10.539730127947472,15.474241102287412
623,0.756,1.8716692292918111,25.66043378406954,10.20622389221515,20.84761096070306
624,0.754,3.904650682705949,21.926337540427504,10.92356028522191,14.655470283823458
625,0.752,1.6077225254671248,19.15435724151991,9.263707601380162,12.116490780465258
626,0.75,2.368101759550612,21.477512793490646,9.82879697344324,14.467159378057165
627,0.748,2.767152202435355,22.71973608577092,10.916747188375275,17.48570798749065
628,0.746,2.785020848842308,28.066483291184042,9.573058777810495,16.235860178106638
629,0.744,1.727067367953012,24.331874333900842,9.55855328838468,14.780843253035863
630,0.742,1.5396092310913474,25.7818588138811,9.689715930128031,16.731472964868704
631,0.74,2.539080915123847,20.620697734854332,10.071882688586001,15.380037599627876
632,0.738,2.6885007065325652,22.552593518075426,9.506062470379902,14.355285689702017
633,0.736,1.1749985956984688,27.47063441301576,9.648539076723921,16.62151824423268
634,0.734,1.5119464362333588,21.572169743063398,9.564801770954219,15.971125985681777
635,0.732,3.696292739419576,21.069008480668252,9.983663289142797,13.584504659730758
636,0.73,2.4714350565294865,23.692700658986567,9.471915315303761,17.482541013922617
637,0.728,1.1791971200619997,25.144732884465768,8.845579475448375,17.5076048938378
638,0.726,1.4881091053776743,19.76627317727049,9.109757461341914,13.339835752795237
639,0.724,1.0975737706192064,19.54565019933949,8.838125120146003,14.148636391856089
640,0.722,2.9648952005867244,20.168328549471568,8.532406286016226,11.378758294772828
641,0.72,2.0612280188837673,23.139993321327935,8.862903892708715,15.808398975795791
642,0.718,2.626526047809378,20.36310031838717,9.01234315090025,14.54290079053518
643,0.716,2.5541306479062484,22.953360214314216,9.274103377531944,13.205215729830671
644,0.714,3.0369358313106005,18.816728235727567,9.267002315825778,9.874844896158006
645,0.712,2.348663253169036,19.879315171237565,9.281547103666078,13.201402195570877
646,0.71,1.4760231797360461,19.62664842202657,8.492859873585118,13.57275630998966
647,0.708,2.5935717629012487,19.495659037398347,8.460557198529727,11.31297168152936
648,0.706,2.2665385660057638,22.28848572427185,9.503576075515518,12.942007474624166
649,0.704,2.217801217714495,17.116471709562447,8.884660806128991,12.42088212071633
650,0.702,2.6068058967934746,23.79471641380367,9.029949913225892,12.44749833477977
651,0.7,1.6875815800602822,19.004950409897937,8.135215079035888,13.155553861927856
652,0.698,1.575388961718474,18.02852936457262,8.393843822635645,14.071629185040912
653,0.696,1.2531671138161897,20.732603651981854,8.249204478783966,13.106415982226308
654,0.694,0.44062679704593677,21.10769907835651,8.39438974964311,15.61605026514671
655,0.692,2.095490574332743,17.54170411368139,8.551521095978714,12.771920941365828
656,0.69,1.3134880265111946,22.460835980874222,8.882306649858208,18.20640571229769
657,0.688,1.5494842933301811,22.2771356777435,7.804594488500172,12.985552957049196
658,0.6859999999999999,-1.262875973395694e-05,25.394873564686193,8.229137761961923,15.307319915155375
659,0.6839999999999999,2.604414490377664,18.465271826815567,7.99507143603725,8.240001856193263
660,0.6819999999999999,0.8575391566109971,16.08069872134238,7.637600477964526,10.51342190758929
661,0.6799999999999999,1.4248696504968876,19.694130582045197,7.980701750984977,12.229750251583091
662,0.6779999999999999,0.8700687154639155,20.626630795690858,8.515584351630821,11.97491210177672
663,0.6759999999999999,1.8234872458627365,19.66642194800916,7.758238477760173,11.294785041042394
664,0.6739999999999999,1.3835748955006721,19.763170963168676,7.945450390760058,12.663912286614153
665,0.6719999999999999,1.1317961309892866,15.66410986551061,7.321884944600285,10.35004957181029
666,0.6699999999999999,0.8942230570621916,19.36499305899717,7.575034204660895,13.26764552741448
667,0.6679999999999999,0.756872867900583,17.933741556932752,7.070220926456571,9.501866120338644
668,0.6659999999999999,0.6973417476414028,19.613605774166132,7.557110319673399,12.015962108118364
669,0.6639999999999999,1.5043536593482827,19.474503296289726,7.5558617121460685,14.181264163388354
670,0.6619999999999999,1.7749071127081635,19.13517198615059,7.799275261251225,13.641510090607117
671,0.6599999999999999,1.4408218191395008,18.414498765586096,6.938883004464827,10.65990326165181
672,0.6579999999999999,0.7434265119781713,16.52008802745914,7.490722430331729,8.970169658938705
673,0.6559999999999999,0.6973417476414028,20.849659027736273,7.292029329133754,10.512868769876253
674,0.6539999999999999,1.540727729040853,19.461721009728116,7.65249892284676,11.598289921586986
675,0.6519999999999999,0.756872867900583,21.39982058402758,7.428120981668883,12.644690053741614
676,0.6499999999999999,0.8700687154639155,18.919771326657646,7.397727871662326,11.728163147799291
677,0.6479999999999999,1.0747810695103652,21.440503390237232,7.962321013439762,14.88674435681648
678,0.6459999999999999,0.8842923400573142,15.90919260463464,7.139427266343006,10.118401786346924
679,0.6439999999999999,0.7386389984602317,18.204853116305678,7.921714286750529,13.27381855932324
680,0.6419999999999999,1.4424865010099808,23.786464283933753,7.6912694826704495,12.57999232013644
681,0.6399999999999999,1.158087390032577,14.743045564866023,7.155800359814307,9.418100137777795
682,0.6379999999999999,1.6359216643948713,19.342750212562102,7.219273947741485,9.758301312503354
683,0.6359999999999999,1.0386737741626035,15.535380358100767,6.947916326785119,10.394806280902127
684,0.6339999999999999,0.545167694474074,19.29284550888599,7.231395732479712,9.929423053144996
685,0.6319999999999999,1.5747552418399806,20.42466880180102,7.09855911405883,11.165262360415918
686,0.6299999999999999,0.37550915441519805,17.28631722186951,6.906290646673128,11.704301499451963
687,0.6279999999999999,1.557542109979181,17.91542285872668,6.273280669008628,8.73919967850065
688,0.6259999999999999,1.508306864258671,22.607714947534326,7.650101136302936,12.09165538887496
689,0.6240000000000001,0.798207488775077,18.014262123426192,6.377304348869501,8.948366675803662
690,0.6220000000000001,1.763209301213422,15.563613028745436,6.767508283305844,9.38178089219658
691,0.6200000000000001,0.557229565047578,16.834134903866186,6.800001706754429,9.030833903026236
692,0.6180000000000001,1.2410739898540015,16.222301641347897,6.809985407304353,10.59074870168858
693,0.6160000000000001,0.37550915441519805,13.77985629478465,6.647904051292116,7.67003545183405
694,0.6140000000000001,1.279419614058341,16.14480123445061,5.803474747323307,6.804649174327088
695,0.6120000000000001,1.1134910534357942,14.507127010680001,6.180192705706148,8.521303098627165
696,0.6100000000000001,1.5921923612824997,14.628118402362027,6.474375162393315,7.6418830984801955
697,0.6080000000000001,1.5995109877017484,18.90898977737163,6.973559658312567,8.48096019125021
698,0.6060000000000001,0.7838982919459596,24.564297438402036,6.280530605712968,11.909504681963371
699,0.6040000000000001,1.614058885236659,19.716976308399396,6.3845832764151,8.193672794417056
700,0.6020000000000001,0.8530552995172656,15.999465537463308,6.231264307124121,9.128102425219838
701,0.6000000000000001,1.523547302144209,15.0670756540826,6.3779526673637434,8.692641953064449
702,0.5980000000000001,0.693888545067054,14.205076199883436,5.957453404934483,7.981437720341955
703,0.5960000000000001,0.47195671645432924,19.704748509629006,6.356559116343519,12.173524414245
704,0.5940000000000001,0.4882067190382884,14.91420625646829,6.2845368984569205,7.811313560157278
705,0.5920000000000001,1.1818820496746838,14.596157472775921,5.788975185931136,7.053803228136534
706,0.5900000000000001,1.4428814115521362,14.746894412761328,6.274598854949332,9.07791409764132
707,0.5880000000000001,0.37550915441519805,14.572721139885857,5.83407108292117,6.970726607447284
708,0.5860000000000001,0.7043213984362922,13.41075343401937,5.854471077271725,7.755794105195537
709,0.5840000000000001,0.5330045834786432,12.7298459514369,5.814341335249068,7.511467413603707
710,0.5820000000000001,1.0280713470780114,16.559010614010624,6.283838371321636,8.490176142700113
711,0.5800000000000001,0.9959834678102908,15.978701999897687,5.872598208810018,7.8364363256200384
712,0.5780000000000001,0.5954052895386184,14.83307994980811,5.6592144306372205,6.350644077505793
713,0.5760000000000001,0.7156645957511643,18.644013187533766,5.890253649376817,8.681157789864567
714,0.5740000000000001,0.9959834678102908,12.961138789084586,5.667510758844415,5.876886644175734
715,0.5720000000000001,1.53734920888526,17.714569437600318,5.506607623450677,6.677140772546699
716,0.5700000000000001,0.805330083120765,13.163474223367928,5.610681771928384,6.898650589745487
717,0.5680000000000001,0.8842923400573142,15.626224438340259,5.332638744475815,6.971092778432175
718,0.5660000000000001,0.5602163371689386,15.512032265501745,5.525435441712716,7.057898956317892
719,0.5640000000000001,1.3080335380842598,15.991301294982406,5.753047402552994,6.126585324887146
720,0.562,-1.262875973395694e-05,18.09415758724475,5.841450951576562,11.093480194780035
721,0.56,-1.262875973395694e-05,12.962428058168058,5.597608307773399,6.318251137396644
722,0.558,0.9058766330770425,15.296876556760417,5.214169701437669,8.042948164171461
723,0.556,0.512180850844544,12.281868133068116,5.737816127855538,6.892572266835535
724,0.554,0.5330045834786432,19.865576807685642,5.1257190021476475,6.269256365717206
725,0.552,0.46906984321637424,15.368246662663822,5.091628256147757,7.558494478057324
726,0.55,0.3882838092517744,14.494605057296646,5.654162184639716,8.88089190579656
727,0.548,0.8293927477762821,12.438471895390428,5.11725031148994,6.02112018034406
728,0.546,0.6973417476414028,14.76969306110768,4.942693085162915,7.516819037592843
729,0.544,0.8904837242137802,13.770031406011789,5.240240781348717,6.543637044089975
730,0.542,0.6973417476414028,13.638891796200099,5.269327997146846,6.243689255046328
731,0.54,0.3882838092517744,13.459416960933602,4.842582180398068,6.484657399735622
732,0.538,-1.262875973395694e-05,11.776638857662064,4.668385760363321,6.569194383429212
733,0.536,0.3882838092517744,12.074461660580717,5.184291492301739,6.035093523771678
734,0.534,-1.262875973395694e-05,12.463917738234436,4.7981678057277435,5.700486806374722
735,0.532,0.2323407047948649,15.287625033190857,4.938209537518347,7.075923870544395
736,0.53,0.8904837242137802,13.171104639101962,4.849328099677621,4.607878538397456
737,0.528,0.693888545067054,13.640171688005239,4.659017544446854,5.616019444647319
738,0.526,0.7234647421582707,14.439066517621029,5.06601712843981,6.338927058316098
739,0.524,0.46906984321637424,11.091068727278753,5.120053612136786,4.171139021723679
740,0.522,-1.262875973395694e-05,16.24822559590619,5.032621802752772,7.122953093483622
741,0.52,0.37550915441519805,10.044123484963421,4.523853044909416,4.867849608096782
742,0.518,0.4543116398366607,11.91046666597856,4.836768081277285,5.294287311636878
743,0.516,0.3882838092517744,10.878833690355094,4.333504283583991,4.739184929063947
744,0.514,-1.262875973395694e-05,11.657109322404764,4.57079848382709,4.429178578373004
745,0.512,0.3882838092517744,13.697687311584701,4.478449253478615,5.895656153945206
746,0.51,0.2323407047948649,12.983580194410237,4.688036408924546,5.593602329250283
747,0.508,0.46906984321637424,10.682987866331729,4.274841077788906,4.178386094845363
748,0.506,0.693888545067054,10.05663209620915,4.229339901087528,4.161768183999766
749,0.504,0.46906984321637424,13.24291238000469,4.468848259522389,5.023029304066512
750,0.502,-1.262875973395694e-05,12.168834513263356,4.333122136425729,5.609641939507445
751,0.5,1.0060764458193177,12.911705861681874,4.805267776458734,5.969324250404528
752,0.498,0.38555987724865304,13.396835814638962,4.527502776413925,6.61385435359812
753,0.496,0.6820229125039958,10.506828293224679,4.086210828435242,4.107699317911814
754,0.494,0.5330045834786432,12.243620779216087,4.354515045083488,5.229518719848436
755,0.492,0.44062679704593677,9.373910660585672,4.146947602385694,3.394835819892892
756,0.49,0.37550915441519805,13.849089730976331,4.210282024900437,5.161854970291077
757,0.488,0.44062679704593677,12.806158379102513,4.239644255578952,4.535084542571354
758,0.486,0.44062679704593677,9.897117313718937,4.103049913281609,3.3355852862975524
759,0.484,0.2323407047948649,11.014114533745676,3.9048867421507083,4.436177098284219
760,0.482,0.2323407047948649,11.418497093680557,3.770953293720666,4.097118807032975
761,0.48,0.2323407047948649,14.14140262941391,4.119452263430645,6.097021263493804
762,0.478,0.2323407047948649,11.602870712519632,4.224411631575137,5.606171818832185
763,0.476,0.44062679704593677,10.275939893419007,3.9441323965920674,4.575821102420443
764,0.474,0.2323407047948649,8.659447047638821,3.5112997644558277,2.898791102346752
765,0.472,0.2323407047948649,12.44235849733402,3.9933404256304215,4.602974755771409
766,0.47,0.37550915441519805,9.757815996508832,3.576542773540595,3.794318083759334
767,0.4679999999999999,0.2323407047948649,9.551485452703552,3.4229805947510528,3.5667406306734177
768,0.4659999999999999,0.2323407047948649,8.511309894358007,3.722242331422322,3.3921561133041265
769,0.4639999999999999,-1.262875973395694e-05,7.828905629572674,3.48819942299734,2.5245350523937344
770,0.4619999999999999,0.5954052895386184,9.795174595460445,3.8241700858993823,3.760821031565377
771,0.4599999999999999,0.2323407047948649,9.4112859864197,3.3830117100422115,3.263133895062992
772,0.4579999999999999,0.2323407047948649,8.596403972536095,3.6648839172435856,3.72789475460792
773,0.4559999999999999,0.7043213984362922,8.646685966234529,3.6422126901978658,3.158241408356469
774,0.4539999999999999,0.3882838092517744,9.360329502332249,3.489641691225799,3.940460225245297
775,0.4519999999999999,-1.262875973395694e-05,8.40072182971609,3.3173777200961894,3.7456433680015473
776,0.4499999999999999,0.2323407047948649,9.264315824998562,3.4531042907721456,3.7538689591741417
777,0.4479999999999999,0.2323407047948649,10.776871477782521,3.201048826809327,3.323279747616892
778,0.4459999999999999,-1.262875973395694e-05,10.232257864798981,3.454605792473913,3.661147888082581
779,0.4439999999999999,0.37550915441519805,7.9062520666040115,3.3105483624190697,3.01355988579958
780,0.4419999999999999,-1.262875973395694e-05,8.99590367325031,3.2304753052202813,2.7772550945488104
781,0.4399999999999999,-1.262875973395694e-05,10.927751501575862,3.1768154481433584,3.6580153806511913
782,0.4379999999999999,-1.262875973395694e-05,8.169735464500192,3.3669182499420742,3.663959700861154
783,0.4359999999999999,0.37550915441519805,11.97513399695795,3.4242796424485675,4.010283385209744
784,0.4339999999999999,0.2323407047948649,7.994363596548524,3.0564933101968563,2.697790525749133
785,0.4319999999999999,0.38555987724865304,9.905585707120267,3.8441659699110033,4.3699657412720745
786,0.4299999999999999,0.4882067190382884,7.942128423053603,3.2708908786862025,2.9409018930759965
787,0.4279999999999999,-1.262875973395694e-05,8.509669481028041,3.120142818177797,2.828895970195155
788,0.4259999999999999,-1.262875973395694e-05,8.022299407288557,3.1557848933794475,2.805115376411917
789,0.4239999999999999,0.37550915441519805,9.724939434857475,3.039091436053397,3.5265825557380066
790,0.4219999999999999,0.2323407047948649,8.160162633711963,3.267676971870813,3.291003438096064
791,0.4199999999999999,0.47195671645432924,9.803359638899096,3.347462720887151,3.3873150223592297
792,0.4179999999999999,-1.262875973395694e-05,8.963656002989623,2.757842233834566,2.312296732217288
793,0.4159999999999999,-1.262875973395694e-05,7.664003374893653,3.0709231704587694,2.7699245145717133
794,0.4139999999999999,0.37550915441519805,7.789386265015011,2.862979827853053,2.167186138480565
795,0.4119999999999999,-1.262875973395694e-05,9.801638909240097,2.8014428003812526,2.358200939480997
796,0.4099999999999999,0.3882838092517744,9.479283911238504,3.08392305012309,2.835115555972429
797,0.4079999999999999,-1.262875973395694e-05,8.750961782037948,3.070935511493772,2.647605631757673
798,0.4059999999999999,-1.262875973395694e-05,7.597341222608236,2.5278926892258795,2.240124640514588
799,0.4039999999999999,0.2323407047948649,8.232353445210393,2.75782596815732,2.918424732587939
800,0.4019999999999999,0.2323407047948649,7.275898872146044,2.8602864049780266,2.408662397216588
801,0.3999999999999999,-1.262875973395694e-05,8.613992851515619,2.642682942529703,2.623635894668632
802,0.3979999999999999,-1.262875973395694e-05,7.093787861358919,2.6553198539803446,2.413440129199667
803,0.3959999999999999,-1.262875973395694e-05,9.393874458985906,2.6024699609384783,2.875366841079257
804,0.3939999999999999,0.2323407047948649,8.007032831217956,2.6833795307931894,2.167770931323469
805,0.3919999999999999,-1.262875973395694e-05,7.08405517089885,2.7355758619364536,1.9711085750008956
806,0.3899999999999999,-1.262875973395694e-05,9.788328336599307,2.85091149408602,2.4347245143815077
807,0.3879999999999999,-1.262875973395694e-05,7.175832430485855,2.520620531574238,1.899723903711819
808,0.3859999999999999,-1.262875973395694e-05,8.296584142810218,2.7371680314540896,2.218450931316716
809,0.3839999999999999,-1.262875973395694e-05,6.3199464428098935,2.7956880361260232,2.031444659352324
810,0.3819999999999999,-1.262875973395694e-05,7.944489022456935,2.3407951008320964,2.3158768300952013
811,0.3799999999999999,-1.262875973395694e-05,7.397031573386485,2.2985907635943477,1.771685582849339
812,0.3779999999999999,-1.262875973395694e-05,6.387695001529096,2.528489371790016,1.7929354589673745
813,0.3759999999999999,-1.262875973395694e-05,6.74277677708217,2.47332233708606,2.135622642857715
814,0.3740000000000001,0.37550915441519805,9.416849255977716,2.752944094217753,3.200625723166414
815,0.3720000000000001,-1.262875973395694e-05,8.638741630611008,2.5279020746099548,2.6365098856976044
816,0.3700000000000001,-1.262875973395694e-05,6.460830301076527,2.351563872269722,1.901041889795548
817,0.3680000000000001,-1.262875973395694e-05,8.87878527211852,2.2189955278054896,1.831592910711924
818,0.3660000000000001,-1.262875973395694e-05,6.47827496062321,2.2135319800348583,1.7462684507161017
819,0.3640000000000001,-1.262875973395694e-05,7.275452827098192,2.1091316944062726,2.018740453734364
820,0.3620000000000001,-1.262875973395694e-05,9.520263942954315,2.171276253799192,2.0879227119114074
821,0.3600000000000001,-1.262875973395694e-05,8.454658682550217,2.3554222523012527,2.045183530077502
822,0.3580000000000001,-1.262875973395694e-05,6.42441760197309,2.220043222082637,1.695643742237591
823,0.3560000000000001,-1.262875973395694e-05,6.9097992430474875,2.343981819462755,1.9267463482686025
824,0.3540000000000001,-1.262875973395694e-05,9.481303195553622,2.2526251009537788,2.208907204908403
825,0.3520000000000001,-1.262875973395694e-05,7.841473485857151,2.0204648200768673,2.1163645519132164
826,0.3500000000000001,-1.262875973395694e-05,7.152511055215271,2.1020246147217705,1.9599814668986584
827,0.3480000000000001,-1.262875973395694e-05,7.68526019398486,1.978641225043404,1.7016708714877762
828,0.3460000000000001,-1.262875973395694e-05,5.395881378142846,2.0825140725786326,1.490363846641145
829,0.3440000000000001,-1.262875973395694e-05,5.018154178459341,1.6578105885743923,1.2522289723785696
830,0.3420000000000001,-1.262875973395694e-05,5.273762155483254,1.8881884770439399,1.4489889935181717
831,0.3400000000000001,-1.262875973395694e-05,7.979949470000932,2.1686692532471596,1.7237759696486687
832,0.3380000000000001,-1.262875973395694e-05,5.301600421910578,1.8453733194629507,1.1930264660452414
833,0.3360000000000001,-1.262875973395694e-05,5.765665866242344,1.7761794205201937,1.2964436659753331
834,0.3340000000000001,-1.262875973395694e-05,7.226441982790689,1.7329473378410256,1.7344507420824484
835,0.3320000000000001,-1.262875973395694e-05,9.62401826384734,1.5862121972531185,1.4261766721649427
836,0.33,-1.262875973395694e-05,6.67123038178066,1.6570393766844091,1.5135000051300875
837,0.328,-1.262875973395694e-05,5.216844519316069,1.6403188891022893,1.2952133313307006
838,0.326,-1.262875973395694e-05,5.5377178732012595,1.8146553730118882,1.2166807796511747
839,0.324,-1.262875973395694e-05,4.681292421337616,1.7018916041947278,1.172337522574583
840,0.322,-1.262875973395694e-05,6.908648580711045,1.8091850650823602,1.3406298559148535
841,0.32,-1.262875973395694e-05,4.919015293556157,1.7888814104979218,1.0355447295843292
842,0.318,-1.262875973395694e-05,5.918236270770095,1.737974020991814,1.3288347075177969
843,0.316,-1.262875973395694e-05,5.552260685035023,1.7047870786484225,1.1113333706441206
844,0.314,-1.262875973395694e-05,5.432561613173348,1.617572813127552,1.14661031407339
845,0.312,-1.262875973395694e-05,9.305240222768326,1.7399830292584255,2.039451212875478
846,0.31,-1.262875973395694e-05,5.988373214245868,1.4748747360159342,1.1112313038609625
847,0.308,-1.262875973395694e-05,7.009712785298788,1.503093237279728,1.4061067558938545
848,0.306,-1.262875973395694e-05,5.089586520527618,1.4172121483692166,1.019260837222832
849,0.304,-1.262875973395694e-05,5.475325999494856,1.6297201728373807,1.3845450469966254
850,0.302,-1.262875973395694e-05,4.306791236400429,1.385387882518117,0.7890532516149837
851,0.3,-1.262875973395694e-05,5.246109279140811,1.5121908270671298,0.9528276635394772
852,0.298,-1.262875973395694e-05,4.638257985336324,1.5825517128220952,1.227291026206867
853,0.296,-1.262875973395694e-05,4.055165108729597,1.4286394733703816,0.7833639444462412
854,0.294,-1.262875973395694e-05,5.371491604690519,1.2640448906748105,1.033891979393466
855,0.292,-1.262875973395694e-05,4.636517408484195,1.4940765865886334,1.0153600710920545
856,0.29,-1.262875973395694e-05,5.135143658147371,1.492195254677327,1.119322301585748
857,0.288,-1.262875973395694e-05,4.039192509921534,1.503083733182379,0.8653830248396223
858,0.286,-1.262875973395694e-05,6.724878306397585,1.3940273588330427,1.046802990218145
859,0.284,-1.262875973395694e-05,6.782272929128212,1.4340094004793968,1.080160114356349
860,0.282,-1.262875973395694e-05,5.058066067394577,1.3883574064058877,1.0736684082089034
861,0.28,-1.262875973395694e-05,5.784337510202491,1.3676472198019525,0.9208310617680266
862,0.278,-1.262875973395694e-05,6.036379205233047,1.4968374494280852,1.2419669833842877
863,0.276,-1.262875973395694e-05,4.821539221419201,1.208736545646417,0.8941089419699052
864,0.274,-1.262875973395694e-05,4.732489650451797,1.2844112826357588,0.9262250581267744
865,0.272,-1.262875973395694e-05,4.277998038010409,1.2829373013164656,0.8868476265108465
866,0.27,-1.262875973395694e-05,4.056639061067344,1.2375358956963538,0.7405044170891103
867,0.268,-1.262875973395694e-05,4.890263471793574,1.107217739745991,0.7723797893828989
868,0.266,-1.262875973395694e-05,5.315181536963735,1.2288107899743608,0.8205410012065975
869,0.264,-1.262875973395694e-05,4.190584945391052,1.1101249354288143,0.6694445099975201
870,0.262,-1.262875973395694e-05,6.205175545988524,0.9952241096493424,0.8343349219565316
871,0.26,-1.262875973395694e-05,3.8288036094204188,1.2178603847147969,0.6243024889742086
872,0.258,-1.262875973395694e-05,5.943057601141547,1.1204867301585608,0.8321565667833191
873,0.256,-1.262875973395694e-05,4.12932758435673,1.0646101885368466,0.6821486649295475
874,0.254,-1.262875973395694e-05,4.061538573161954,1.203283314457238,0.7489250262738052
875,0.252,-1.262875973395694e-05,6.0489209863795,1.1109071917025517,0.7806131045663293
876,0.25,-1.262875973395694e-05,3.6217233189680513,0.9832493988276525,0.5136950895929089
877,0.248,-1.262875973395694e-05,4.225314969992951,0.9461536076425006,0.5473837987008577
878,0.246,-1.262875973395694e-05,4.345959411379809,1.114145188012671,0.6194152682917475
879,0.244,-1.262875973395694e-05,2.7869856944004,0.8904959997603186,0.4576472595875289
880,0.242,-1.262875973395694e-05,3.6634356730761084,1.0341585673203895,0.6445388772103726
881,0.24,-1.262875973395694e-05,3.6459004716733006,0.8909915798074195,0.4954167119692584
882,0.238,-1.262875973395694e-05,4.501356016146872,0.884779770595145,0.4719353920793435
883,0.236,-1.262875973395694e-05,3.593053108721989,0.7657695723836895,0.4650048288530625
884,0.2339999999999999,-1.262875973395694e-05,3.32755189011975,0.9271668042188566,0.5486157466139182
885,0.2319999999999999,-1.262875973395694e-05,4.192398564705215,0.9797490684675125,0.6139939318081329
886,0.2299999999999999,-1.262875973395694e-05,7.599296017325912,0.8130346855452757,0.8003436741386745
887,0.2279999999999999,-1.262875973395694e-05,4.194633108456273,0.7806602961842515,0.5437498240419428
888,0.2259999999999999,-1.262875973395694e-05,3.016039184482736,0.8143523625713271,0.4584780359714793
889,0.2239999999999999,-1.262875973395694e-05,2.9580746634700716,0.7663592347370667,0.4046821339647558
890,0.2219999999999999,-1.262875973395694e-05,3.4529576127084027,0.8071126311281915,0.4325820994152339
891,0.2199999999999999,-1.262875973395694e-05,3.492081719102515,0.7959634265360194,0.4960223035321043
892,0.2179999999999999,-1.262875973395694e-05,3.2161144487136397,0.6935525945528553,0.3628150134969334
893,0.2159999999999999,-1.262875973395694e-05,2.9919289871075563,0.7652331554569116,0.367819458360891
894,0.2139999999999999,-1.262875973395694e-05,3.5387405807592955,0.727596113725582,0.4339782724294548
895,0.2119999999999999,-1.262875973395694e-05,2.606824715182057,0.6668669993894838,0.3647168795041015
896,0.2099999999999999,-1.262875973395694e-05,2.4771079730988816,0.539483616623059,0.2341877977225103
897,0.2079999999999999,-1.262875973395694e-05,2.661582308709569,0.6794508724733674,0.3719660791086224
898,0.2059999999999999,-1.262875973395694e-05,2.2628420244195127,0.6282513911198322,0.3013200340685577
899,0.2039999999999999,-1.262875973395694e-05,3.3374486340760967,0.5628975873535182,0.3502054455313989
900,0.2019999999999999,-1.262875973395694e-05,2.313324789974061,0.6613964861999051,0.294563711158232
901,0.1999999999999999,-1.262875973395694e-05,3.21140914502611,0.6413560620536458,0.3530355006874812
902,0.1979999999999999,-1.262875973395694e-05,2.7744777594429735,0.5884162267761042,0.317032290358091
903,0.1959999999999999,-1.262875973395694e-05,2.5128234603968167,0.5581211186678985,0.2826135829117693
904,0.1939999999999999,-1.262875973395694e-05,2.5608139852523237,0.5320939617143239,0.3116095355460462
905,0.1919999999999999,-1.262875973395694e-05,2.589991520430445,0.5896758004011247,0.2654742971063874
906,0.1899999999999999,-1.262875973395694e-05,3.0215788912522896,0.5569753512524329,0.2586487837862861
907,0.1879999999999999,-1.262875973395694e-05,2.5627590256892603,0.6220075650672783,0.2960365834385607
908,0.1859999999999999,-1.262875973395694e-05,2.812091107562182,0.5352950070453772,0.2773322858901836
909,0.1839999999999999,-1.262875973395694e-05,2.325365987510949,0.5276860273291817,0.2378182570952232
910,0.1819999999999999,-1.262875973395694e-05,2.3903677131416003,0.45993960287692914,0.221715802987051
911,0.1799999999999999,-1.262875973395694e-05,2.5539364077401387,0.4423434868675855,0.2196350884217162
912,0.1779999999999999,-1.262875973395694e-05,2.9076989914571527,0.48681660893753076,0.2804773361312775
913,0.1759999999999999,-1.262875973395694e-05,2.232501658976716,0.44881488696866256,0.21050112584243
914,0.1739999999999999,-1.262875973395694e-05,2.087661384938386,0.43300712975498357,0.1910120656810914
915,0.1719999999999999,-1.262875973395694e-05,3.4089389841132913,0.3901125523816944,0.2324751657368758
916,0.1699999999999999,-1.262875973395694e-05,2.667678919767198,0.3742759473202142,0.1832939230093076
917,0.1679999999999999,-1.262875973395694e-05,1.9670208372029805,0.45186559174997853,0.172838643613207
918,0.1659999999999999,-1.262875973395694e-05,2.32463266962678,0.36929804401339084,0.1769553772957295
919,0.1639999999999999,-1.262875973395694e-05,1.8331576526627487,0.34935840620018155,0.1521876686480696
920,0.1619999999999999,-1.262875973395694e-05,2.230138274686553,0.40638707812534847,0.2042782352818505
921,0.1599999999999999,-1.262875973395694e-05,2.2617834910790435,0.35020168953404607,0.1930426586873902
922,0.1579999999999999,-1.262875973395694e-05,2.1576575417400647,0.3704341776277005,0.2112758694435321
923,0.1559999999999999,-1.262875973395694e-05,2.33581603636803,0.3616721405152248,0.1672896500923131
924,0.1539999999999999,-1.262875973395694e-05,1.361057462530212,0.3227485924808633,0.1198488524325245
925,0.1519999999999999,-1.262875973395694e-05,2.1894893344769315,0.2577561476519321,0.130751815263402
926,0.1499999999999999,-1.262875973395694e-05,2.0906474167587845,0.35008704973706983,0.1500307336295681
927,0.1479999999999999,-1.262875973395694e-05,1.50140165955861,0.2925602591642189,0.1400622349065339
928,0.1459999999999999,-1.262875973395694e-05,2.1978402704154263,0.22468212806163024,0.1291104254942081
929,0.1439999999999999,-1.262875973395694e-05,1.7216566475937043,0.328348623615625,0.1395324553772812
930,0.1419999999999999,-1.262875973395694e-05,1.5582615621617464,0.21476053469230294,0.0829582114369097
931,0.1399999999999999,-1.262875973395694e-05,1.7687920075142642,0.2407656086713672,0.0881175690099013
932,0.1379999999999999,-1.262875973395694e-05,1.598491680125349,0.2366346818862013,0.1137173387798438
933,0.1359999999999999,-1.262875973395694e-05,1.6768025045169708,0.2512646258951037,0.1192108516754652
934,0.1339999999999999,-1.262875973395694e-05,1.3047399455316082,0.22094239877817756,0.0783377734750202
935,0.1319999999999999,-1.262875973395694e-05,1.5370930450092715,0.22117768766621282,0.0915514339599077
936,0.1299999999999999,-1.262875973395694e-05,1.6920414159059334,0.14497483751277684,0.0755444116285437
937,0.1279999999999999,-1.262875973395694e-05,1.2758749178081672,0.1996467729230602,0.0903712739527797
938,0.1259999999999999,-1.262875973395694e-05,1.376825348440434,0.15641777735375229,0.0729568152416383
939,0.1240000000000001,-1.262875973395694e-05,2.526455109279155,0.20221708408222128,0.1071959521506301
940,0.1220000000000001,-1.262875973395694e-05,1.0029484832081579,0.14429137775321976,0.0493370293007299
941,0.1200000000000001,-1.262875973395694e-05,1.24193359981102,0.1372887407647454,0.0568021913232376
942,0.1180000000000001,-1.262875973395694e-05,1.361057462530212,0.1643905957238161,0.0657496610276801
943,0.1160000000000001,-1.262875973395694e-05,1.0842748290000657,0.11712948467764761,0.0474243355323294
944,0.1140000000000001,-1.262875973395694e-05,0.7181018884718213,0.08008456320823143,0.0284620457905503
945,0.1120000000000001,-1.262875973395694e-05,1.3662243308403248,0.09505905455101527,0.0401477969654167
946,0.1100000000000001,-1.262875973395694e-05,1.0917901497646199,0.11501185898707433,0.046851712626229
947,0.1080000000000001,-1.262875973395694e-05,2.27953094149629,0.09362397954883761,0.0611300356270297
948,0.1060000000000001,-1.262875973395694e-05,0.6832139018424215,0.1012458184652445,0.0345371909659229
949,0.104,-1.262875973395694e-05,1.3976268923406394,0.08833655618559533,0.0420098531607289
950,0.102,-1.262875973395694e-05,0.798207488775077,0.10033457932665613,0.0393391634145629
951,0.1,-1.262875973395694e-05,0.5507477518582817,0.053967667885927995,0.0174145570244317
952,0.098,-1.262875973395694e-05,3.456629159398986,0.116554332388219,0.1288814006988105
953,0.096,-1.262875973395694e-05,1.395982945285951,0.1042265680222414,0.0519723448846726
954,0.094,-1.262875973395694e-05,0.557229565047578,0.05322194873895114,0.0180342312370931
955,0.092,-1.262875973395694e-05,1.1470425350639175,0.058386298510086476,0.0274680377451686
956,0.09,-1.262875973395694e-05,1.0944627204078756,0.06671968390672589,0.032377890768647
957,0.088,-1.262875973395694e-05,0.4882067190382884,0.013456676138105195,0.0048472230565951
958,0.086,-1.262875973395694e-05,1.5915661102235816,0.058484389318437024,0.0340161158426343
959,0.084,-1.262875973395694e-05,0.4882067190382884,0.03335450397828765,0.0107861251004273
960,0.082,-1.262875973395694e-05,0.6973417476414028,0.027502309971467298,0.0102074427213827
961,0.08,-1.262875973395694e-05,0.38555987724865304,0.019061989910198918,0.0057898173035492
962,0.078,-1.262875973395694e-05,0.512180850844544,0.01659901869267344,0.0060582343765565
963,0.076,-1.262875973395694e-05,1.225003164214442,0.02607483481642703,0.0180758426747202
964,0.074,-1.262875973395694e-05,0.512180850844544,0.022381919474199208,0.0076811700267327
965,0.072,-1.262875973395694e-05,0.8755279450596873,0.043647220522672114,0.0174470800612023
966,0.07,-1.262875973395694e-05,0.3882838092517744,0.020476784440447204,0.005234053527359
967,0.068,-1.262875973395694e-05,0.37550915441519805,0.013115940775961121,0.0037181524254894
968,0.066,-1.262875973395694e-05,0.4882067190382884,0.018980477784765526,0.0068464313599604
969,0.064,-1.262875973395694e-05,0.2323407047948649,0.007248412913853031,0.0016344045117499
970,0.062,-1.262875973395694e-05,1.4629794354054582,0.017363045875796956,0.0186826839531376
971,0.06,-1.262875973395694e-05,0.37550915441519805,0.0029211351713200884,0.0010930852920005
972,0.058,-1.262875973395694e-05,-1.262875973395694e-05,-1.262875973395694e-05,0.0
973,0.056,-1.262875973395694e-05,2.6045596660635937,0.026899877061410393,0.0542193857165827
974,0.054,-1.262875973395694e-05,0.2323407047948649,0.003617892077059537,0.0008303829374213
975,0.052,-1.262875973395694e-05,0.38555987724865304,0.006630177280257499,0.0019608911014891
976,0.05,-1.262875973395694e-05,0.38555987724865304,0.004814916861860752,0.0015599309673615
977,0.048,-1.262875973395694e-05,0.4882067190382884,0.005616845313326735,0.0022522637339909
978,0.046,-1.262875973395694e-05,-1.262875973395694e-05,-1.262875973395694e-05,0.0
979,0.044,-1.262875973395694e-05,-1.262875973395694e-05,-1.262875973395694e-05,0.0
980,0.042,-1.262875973395694e-05,0.2323407047948649,0.00180263165866279,0.0004184866390972
981,0.04,-1.262875973395694e-05,-1.262875973395694e-05,-1.262875973395694e-05,0.0
982,0.038,-1.262875973395694e-05,0.2323407047948649,0.00180263165866279,0.0004184866390972
983,0.036,-1.262875973395694e-05,-1.262875973395694e-05,-1.262875973395694e-05,0.0
984,0.034,-1.262875973395694e-05,-1.262875973395694e-05,-1.262875973395694e-05,0.0
985,0.032,-1.262875973395694e-05,-1.262875973395694e-05,-1.262875973395694e-05,0.0
986,0.03,-1.262875973395694e-05,0.2323407047948649,0.00180263165866279,0.0004184866390972
987,0.028,-1.262875973395694e-05,-1.262875973395694e-05,-1.262875973395694e-05,0.0
988,0.026,-1.262875973395694e-05,-1.262875973395694e-05,-1.262875973395694e-05,0.0
989,0.024,-1.262875973395694e-05,-1.262875973395694e-05,-1.262875973395694e-05,0.0
990,0.022,-1.262875973395694e-05,-1.262875973395694e-05,-1.262875973395694e-05,0.0
991,0.02,-1.262875973395694e-05,-1.262875973395694e-05,-1.262875973395694e-05,0.0
992,0.018,-1.262875973395694e-05,-1.262875973395694e-05,-1.262875973395694e-05,0.0
993,0.016,-1.262875973395694e-05,-1.262875973395694e-05,-1.262875973395694e-05,0.0
994,0.014,-1.262875973395694e-05,-1.262875973395694e-05,-1.262875973395694e-05,0.0
995,0.012,-1.262875973395694e-05,-1.262875973395694e-05,-1.262875973395694e-05,0.0
996,0.01,-1.262875973395694e-05,-1.262875973395694e-05,-1.262875973395694e-05,0.0
997,0.008,-1.262875973395694e-05,-1.262875973395694e-05,-1.262875973395694e-05,0.0
998,0.006,-1.262875973395694e-05,-1.262875973395694e-05,-1.262875973395694e-05,0.0
999,0.004,-1.262875973395694e-05,3.0370983218047343,0.03390818002820595,0.0842120522167858
1000,0.002,-1.262875973395694e-05,-1.262875973395694e-05,-1.262875973395694e-05,0.0
