iteration,temperature,minE,maxE,meanE,VarE
1,2.0,123.98388152202418,140.4107357196446,131.8809093880549,13.171302979399323
2,1.998,125.28807752374769,140.84575030423727,132.2918534213353,12.493156816552418
3,1.996,122.37322674770768,142.44650440506746,131.45999126251888,14.504868572008078
4,1.994,123.50706010851458,140.39430507018864,131.76018126959318,10.91638977030367
5,1.992,123.13119849572743,141.39881573866967,131.90261847975714,14.767387325506904
6,1.99,123.48167025699833,142.83196497854675,131.88727646673414,12.285221107520634
7,1.988,120.30552258876051,144.51509334505445,131.8944764581151,13.411306112725955
8,1.986,122.47860495857849,139.46759535791352,132.16603688062742,13.356110530596508
9,1.984,119.01963218010067,141.567118063482,131.91114089940996,12.22371140477776
10,1.982,121.8380735071141,140.72604527100398,131.5525303622081,15.663825136932571
11,1.98,123.05594808741733,140.9950996342812,131.90696272836018,13.6241945767426
12,1.978,119.4353653959781,141.6921967061443,132.0349108746418,17.83150272243943
13,1.976,123.68394479144413,140.59224415707422,131.75697457231595,11.74801786919329
14,1.974,123.7347193746615,143.37181570223217,131.57668447171199,14.671078359797361
15,1.972,121.89085607681736,141.54492625016593,132.02909791079173,16.14562854392493
16,1.97,119.34130944495575,139.99867494903515,131.46953018413956,14.37481899433677
17,1.968,119.48648383620292,140.18414792531703,132.27797267464385,12.855410615295314
18,1.966,122.99183871514373,141.6466158628619,132.02450294701725,12.837608629332209
19,1.964,121.58329148899873,141.16882863750732,131.91438272853424,13.14757638516596
20,1.962,121.12978345785005,142.5824565276047,132.27038840979844,15.53695202477226
21,1.96,123.87096782157829,140.29860343568615,131.82134335085277,9.705289067559818
22,1.958,124.05353903898498,142.12012848820666,131.81082682722584,13.937013245397448
23,1.956,119.3377988307115,142.865951159281,131.77363355950092,16.366976150978736
24,1.954,124.13359566148341,140.90527084115377,132.29077925952367,12.560390805554158
25,1.952,123.3982709347763,141.73009031127123,132.07932393358917,11.274797661886854
26,1.95,122.66527580157066,138.70982615654654,131.1249269270249,11.1283751912335
27,1.948,122.10934019207495,143.46106687095633,131.8848477504859,14.38603479789447
28,1.946,121.57943529764786,139.24108285771212,131.1151185387771,13.144177077501585
29,1.944,122.80052018171797,140.37877167535106,132.52359609541622,10.88630994722616
30,1.942,119.45592711500383,139.5512025719193,131.41768546618678,14.17626552497471
31,1.94,122.40200530564763,141.5305825855339,132.11765831809169,15.182983300377716
32,1.938,121.0759660483358,141.802699267102,131.38430339415729,15.283612031373393
33,1.936,121.24267985586272,142.1390211224105,131.74250724666092,13.257453889802795
34,1.934,122.11004072682121,140.06106407484376,131.6230917746653,10.925043333677657
35,1.932,122.84704112095069,140.10292699380443,132.42057310601476,12.500352982017302
36,1.93,120.66856324402684,141.1418244268565,131.92554077139437,15.807754832585065
37,1.928,122.1446918294867,142.60698171769667,131.79534932037194,14.050716757043178
38,1.926,122.81549829798976,140.479627351957,132.15979951556943,15.532585709873905
39,1.924,123.66072578694394,138.92687618637672,131.61146849757765,10.8320675630555
40,1.922,115.46613522288261,139.51584608042697,131.01555385271905,14.252412237074319
41,1.92,123.05059225403011,140.6121150123597,132.05285181491516,12.297557561823895
42,1.918,119.96110404464342,141.73738030660974,132.182733313595,15.468414236212068
43,1.916,123.43501923373387,140.4335352417037,131.85873791942447,11.119606126006637
44,1.914,120.30733367782116,138.89255375485453,131.28570575663989,13.036685122189096
45,1.912,123.55671969040772,141.9684786686359,132.1489273506532,12.609012205403673
46,1.91,123.11984725164271,138.4873779778179,131.2574113140677,13.534543524715522
47,1.908,119.45510252482092,142.09209034372972,132.1711624329904,14.825771644667828
48,1.906,122.59312562507776,139.50392886468953,131.52030247814918,12.738878959070881
49,1.904,122.47515773366169,140.0625494025354,131.71657820098872,11.837674634330542
50,1.902,122.20771826592963,140.63263180602078,131.21199436359768,13.397946926692986
51,1.9,121.85291824910067,141.73833682407158,131.2390012762337,15.789829057459226
52,1.898,122.23562710046298,139.64812363125202,131.52823828884732,12.196059027959492
53,1.896,123.27874955953308,140.2987239312225,131.7612148245712,13.71309559802657
54,1.894,119.44153486612815,141.1928824007511,131.53003251797674,14.307713011813393
55,1.892,121.73397865972211,141.53085827903715,131.83711291990664,14.256010488149407
56,1.89,120.09589984811433,142.5210140092629,131.44912346093864,14.228368363482417
57,1.888,121.78793170790162,140.1110038877979,131.55294083710996,15.521673215014031
58,1.886,123.47100052198452,138.91558095428064,131.71775185403263,11.80421241700925
59,1.884,123.2995841157195,141.9153594057559,131.83383094630102,11.371600052246567
60,1.8820000000000001,124.51099964686452,137.62988163992532,131.9360411734915,9.478567114656968
61,1.88,123.47257199943384,140.97328842961866,131.5688232148559,12.387125002240946
62,1.8780000000000001,119.98529372125327,140.59924677968482,131.67831422378316,14.794420765568493
63,1.876,123.03206603171492,142.05712519565728,132.1214281691054,14.934955718348295
64,1.874,123.45822195670817,138.2470211749077,131.37083927934026,10.662389502400602
65,1.8719999999999999,122.84027215335537,141.61661435421888,131.61487620154432,13.327089172444117
66,1.87,121.94842618597326,143.01961691316882,131.48583738001767,14.149573110044011
67,1.8679999999999999,120.3416628674622,141.79952909065082,131.89291901965157,16.66192226343918
68,1.866,121.30477695933173,140.13831846594874,131.35116281413337,12.860266575269423
69,1.8639999999999999,122.30628604992046,139.95113983512994,131.60912783791534,12.964736247566325
70,1.862,120.97182951484163,139.82227405485617,131.11101149677725,16.34059214313711
71,1.8599999999999999,114.7300278447359,141.19585300715258,131.46427699981916,14.304379192816882
72,1.858,120.39977945598899,142.1792151006909,131.7783825433056,18.316109846268734
73,1.856,122.75702209215036,139.64189486899335,131.6473403950314,12.966592596792431
74,1.854,123.05725053328649,139.85661203199345,131.0448878911144,12.456886148957404
75,1.852,120.71453690295404,140.06793451391056,131.8700153542121,11.918254495746718
76,1.85,119.13280663339775,141.0996846104323,131.7597737664216,12.688333841181446
77,1.848,120.89503320128365,144.7100603228846,131.3928227666593,15.995741791039942
78,1.846,123.89492087374398,139.8405411628894,131.94793637945878,12.281842345054041
79,1.844,122.2874294764066,140.04539684250136,131.22875734050322,10.861072573119687
80,1.842,122.40609820230881,140.62547607858156,131.31981148241965,13.489849453971859
81,1.84,124.0232035673903,140.5901790737845,131.20089366909005,11.749383549106918
82,1.838,120.20276991702116,141.354670121447,131.05872960261718,13.756577461883982
83,1.836,121.5733548894656,141.57358605468417,131.5502059389073,16.172433522332813
84,1.834,119.65973290558031,141.14491719103242,131.21802961436958,12.861997453766111
85,1.832,121.15867928685127,141.9510535879822,131.1892009101886,16.868978087988694
86,1.83,119.31985230282152,139.71494151815378,131.77868029699647,11.58318028951815
87,1.828,121.93137382657869,139.79712433769473,131.0044545046381,13.601875306722151
88,1.826,122.27604803618678,140.77219132564875,131.52541847819074,13.680319079353529
89,1.824,122.026685572764,138.18458623386897,130.86950628646014,11.72304773797174
90,1.822,123.05007480100545,140.7531408447204,131.36046033027236,12.829597629972364
91,1.82,122.1195604494562,139.68151645954254,131.30484541967343,15.646965418723562
92,1.818,122.45379330066186,144.56359913325366,131.13724844555048,15.020180538484798
93,1.816,119.30401955981225,140.80043822610523,131.5070187964759,15.255514821969138
94,1.814,120.29340231204762,140.6168747255304,131.1783189165166,12.82559647219872
95,1.812,121.21167713647358,140.41976032449213,131.3302115191253,14.199100713307725
96,1.81,121.81652616573648,139.32414668521062,130.62903029674186,13.03839272928489
97,1.808,121.88029552826575,143.42077630531867,131.3671273364782,13.995689709881484
98,1.806,122.3402249695138,140.54460901835665,131.5842327534782,13.44336452422156
99,1.804,119.49488408049689,141.0118742123832,131.12330345801658,17.09827549059239
100,1.802,120.94271830915673,138.36472541990173,130.47564783926057,12.088704484085524
101,1.8,121.23924660114201,138.86923365006734,130.89427352314607,11.589351807444356
102,1.798,120.36753404689337,140.13875409270193,131.08540751728506,11.356570673982839
103,1.796,119.95704972913438,138.2225928370074,131.08113631690767,13.066375640063384
104,1.794,121.48578336855695,143.44353644340526,130.97178388064137,13.964865405758633
105,1.792,118.67548316754082,139.9436290162812,130.45356957131054,15.503726744965407
106,1.79,119.13451134559948,137.96237441181106,130.6207128451482,12.177724178980688
107,1.788,119.48793990014639,141.07645173520194,130.69990385155904,16.869409550008267
108,1.786,121.15475095436933,143.09387420711036,131.40548314203636,18.775334601797436
109,1.784,121.41478610830058,141.9496007305089,131.1859545595284,15.111789787966728
110,1.782,122.18343013172444,142.5538054314875,131.33498999867354,13.837507428872957
111,1.78,123.27107021516369,140.97597885585645,131.07813410195382,13.254660930090221
112,1.778,120.70253279876158,140.41542017718598,130.740394673092,14.744146838473645
113,1.776,121.62952213235165,140.38905600214656,131.4395411900964,13.489590616359528
114,1.774,120.40164116112346,140.0570141418167,130.55549445054356,14.34046550649304
115,1.772,120.80774357385971,141.63168803250477,130.64754199250882,15.385631643481252
116,1.77,122.34818516642527,139.85053636247744,131.27988759390703,12.20948137732146
117,1.768,123.13843899713177,140.36618461905067,131.36256907533382,13.516663804184958
118,1.766,120.98624686811297,139.45429401746088,130.3783776366348,15.900308517600259
119,1.764,120.1644465982559,142.87023213175746,131.29512282427117,13.954287175107762
120,1.762,122.59030623435598,141.98664398944365,131.31043002613248,11.714515865537473
121,1.76,121.39724853372053,140.78467413830785,131.20690103739676,14.877144579084652
122,1.758,116.58726833114319,139.7199423030558,130.86592713067512,14.541437855205434
123,1.756,120.45068750318956,141.19877219677622,131.11731297852663,13.84534474355934
124,1.754,122.39167305464828,139.83867054383944,131.24237029897088,11.839465105919803
125,1.752,123.4146287623646,139.86076016700954,130.69909874644753,12.30521626569755
126,1.75,123.06820473859545,138.51011034112065,131.25187973731886,10.251170337081346
127,1.748,123.87018151844947,140.59054729189995,131.09630504100198,12.96064647756696
128,1.746,119.39271327060621,139.08756569505397,130.07540392542643,14.37799580270898
129,1.744,121.86093756521265,141.01082657153364,130.28760905491308,13.367827791317735
130,1.742,122.31082419250066,139.83319696354562,130.95634719037915,14.474123327949128
131,1.74,122.48465833015493,139.16035726739585,131.0612050692952,14.30645129059319
132,1.738,120.32832203329178,140.29074866959007,130.6437682587022,15.283523477503682
133,1.736,120.49069496280418,137.60412551367057,130.56891651533806,11.537717323502442
134,1.734,122.52489195841524,139.71910295099573,130.83204362890837,14.124728888769637
135,1.732,123.41116891024484,140.30973203594638,130.8652807670092,11.661249368485185
136,1.73,121.21829856924322,139.80210052671111,130.59873286039115,12.446300802989876
137,1.728,119.20319071929282,137.50296043331076,130.38403317219473,12.672608027963733
138,1.726,120.19754199735524,139.93637363572816,131.20450408394134,16.327663204654485
139,1.724,121.55888738585901,141.9994153297606,131.00635011201166,14.398987758428065
140,1.722,123.43204775760177,138.00516749789094,130.48157715748113,11.467292309408629
141,1.72,120.9611828541386,140.6573135037239,130.48505956174682,15.72013612396549
142,1.718,121.86816005011175,140.88758389350335,131.0783340874268,16.31506387381642
143,1.716,121.07055139877266,139.1664084549655,131.19802088015007,15.068917499971002
144,1.714,116.42945183159881,140.02554632147653,130.93260488423383,15.155603239300525
145,1.712,122.86145151529962,142.12585627412304,130.87189185916577,14.39575065852333
146,1.71,120.00487236874675,139.66560980147364,131.11931179282197,12.07924842705451
147,1.708,120.26844787270258,140.0562788647256,130.46614950766326,16.36197575065596
148,1.706,122.07656817829437,142.3905596449883,130.65307868231105,12.924856415765946
149,1.704,116.23766014078336,141.30094847085743,130.96138981526053,15.499880922379244
150,1.702,121.24306638847318,141.35121853614123,130.18865501551363,15.154019258465556
151,1.7,121.09811660022419,140.98375898787864,130.17689463408334,15.675187241338731
152,1.698,121.75325750754857,142.3824687238461,130.25027222958698,15.040067863001696
153,1.696,120.26999790691697,139.41267140790268,130.2386067723071,13.060434242612622
154,1.694,121.3270377837762,140.27183496350784,130.6454847261079,15.478597668831478
155,1.692,119.32781482945543,140.28503779329662,131.29204981135894,15.551382949962202
156,1.69,120.49078590893457,140.4127921929156,130.19917559108714,15.142984146180405
157,1.688,117.80514138196152,141.6196053521317,130.95209819386477,17.930747635469988
158,1.686,120.6018862289898,141.82084033206377,130.92704032104726,13.486254429506438
159,1.684,119.68517129759306,140.0816497261762,130.63633087709707,12.12511048893754
160,1.682,118.13209691146034,144.8184699829871,129.88943570223614,13.944345721161055
161,1.68,119.63171392965566,143.20682636072183,131.03242208806148,16.717885768253794
162,1.678,119.15997092456709,137.09760944010947,130.21094411135402,11.656958130357063
163,1.676,116.60381160402245,138.77675026922017,130.53374974486147,14.648007901836795
164,1.674,121.86766981104422,140.30112590281817,130.32976139677555,15.224474781649114
165,1.672,121.59268363797352,140.4641284970955,130.98763040697216,13.169567431586115
166,1.67,120.43885443292726,140.32097382887937,130.45654736345836,13.995088833481727
167,1.668,122.11886472686817,141.48137149115496,130.47561776873778,13.504793450468128
168,1.666,119.86974731293023,137.99420416108953,130.599871884467,10.520121386190949
169,1.664,121.54426805612013,140.88514506794613,130.17759851469557,14.937854081607364
170,1.662,117.60744161496947,140.14840739709598,129.70278733777621,14.632763822784852
171,1.66,121.17486316197724,140.64227808488386,130.6727302598603,15.126744196572774
172,1.658,121.88482450156803,140.63923123915515,130.1527398366273,13.298805620595122
173,1.6560000000000001,122.99088074239305,139.7484742111337,130.6913948911997,11.76382206848955
174,1.654,120.58541725538261,138.90954595263662,130.5244522108099,16.037145039841295
175,1.6520000000000001,120.99791771961026,141.55033710415123,130.40011122112818,11.026965974837674
176,1.65,120.10926131101984,139.51563331798616,130.62261045374098,14.091357949403516
177,1.6480000000000001,120.38068578720276,139.18169379421522,130.65296839998706,15.016044292031937
178,1.646,121.22137212558556,139.42725507706436,130.38343399990265,13.906554243846049
179,1.6440000000000001,121.90512304111249,141.7948769517704,130.50269492551,14.05611597947361
180,1.642,115.57875549469097,137.76893727062134,129.91512931693893,12.627542815130912
181,1.6400000000000001,118.63654524370483,139.41451830440468,130.709612194484,14.711102140447514
182,1.638,120.1563053878185,145.6549264966049,130.53738019301935,16.275143576022316
183,1.6360000000000001,116.99192074998268,142.29669226183182,129.83088601359552,14.727524781217266
184,1.634,122.0332916252061,138.84786752527515,130.7791661226099,14.06803665452523
185,1.6320000000000001,117.85745306680921,140.8666792224106,129.81079088975093,14.261554292407013
186,1.63,121.92019027844003,140.18518140669067,130.24475905332702,14.350122055569626
187,1.6280000000000001,121.59086388532234,139.8671293926587,130.38626621905382,15.55524907930107
188,1.626,119.06409230619703,138.06757644544726,129.775672565837,15.19487584798715
189,1.624,119.94619243250834,138.89157572045673,130.31674060958835,15.009131863915709
190,1.6219999999999999,119.84073706250156,139.8797731999799,129.92576642313318,14.934309278102955
191,1.62,122.66667496024412,138.6459588261627,130.15735934133573,12.50903659094994
192,1.6179999999999999,121.02823000499001,137.5441482395484,129.36494725337633,14.272503734357961
193,1.616,121.65162408026578,140.95394577917898,130.03373953443838,15.872556756322808
194,1.6139999999999999,121.75790716035704,139.54150588093609,130.3319790163138,13.119270073911707
195,1.612,121.7642549431867,139.8847292475503,130.8352367976732,12.818009096350787
196,1.6099999999999999,121.16582581180626,139.8294386550255,129.92536375158377,15.062815615129795
197,1.608,120.44929111992853,138.4439478860992,130.24403312196233,13.173879740920674
198,1.6059999999999999,121.07204128408364,138.4293237890918,129.6440497549711,12.638527787207302
199,1.604,119.80919419723827,139.48193860530228,130.38798063302232,13.616880991140793
200,1.6019999999999999,119.30243310741488,137.9163512493481,130.5376343919895,11.865647477896305
201,1.6,120.4905035879913,139.94432426464505,130.11972772871928,13.562868012311236
202,1.5979999999999999,119.65435867393073,139.25420992286757,130.61051383984824,11.415510544926418
203,1.596,121.17831707447849,140.35273049619707,129.98164511923002,12.616391509897362
204,1.5939999999999999,121.3494334768161,139.10077071478358,129.59412745142595,12.11428909226722
205,1.592,117.53028899005437,138.66934444757766,129.7558525245865,13.799184657457204
206,1.59,121.160863615901,139.1391614324642,129.85018675278388,14.940195087219022
207,1.588,118.17826180937814,140.5166249601296,129.43193018336297,14.008810679227789
208,1.586,121.35206147734927,141.73436522545813,129.8260231290242,13.827934336578357
209,1.584,119.79470027796052,137.80706491494666,129.78768909389055,13.662047091199529
210,1.582,119.55255495679594,137.51904882536155,129.92384286542327,10.861956018634226
211,1.58,119.6716392473748,138.37964286602045,129.73481041318414,11.492904364561612
212,1.578,120.39889385015692,140.835383702562,130.7224780250948,14.577483998908491
213,1.576,121.51626337318322,141.99001121466557,130.0809552505521,12.95276886152255
214,1.574,117.64209010337805,137.81983458073123,129.66199407036544,15.244498725500922
215,1.572,121.31689720346789,142.19299310747573,130.02092407671626,12.46989307013548
216,1.57,121.53498538264952,139.47816670991773,130.0173852931871,12.35121230704688
217,1.568,119.74617962379735,139.65260666471892,129.58151791184014,15.182791228148966
218,1.566,119.58876147539226,143.62562062388088,130.49969307110945,14.533506886874147
219,1.564,122.39789822500691,142.39589241528856,130.35267586054192,14.657125295301935
220,1.562,120.73700472077651,141.02029526821332,130.03428237323737,14.304019248680838
221,1.56,116.91206213313676,140.34333811439546,129.4001169109482,13.374465812395014
222,1.558,121.18657085471878,140.61113251463718,130.09022392386436,14.740917799988987
223,1.556,119.25007683858564,137.74202684475355,129.32174018949297,13.111894454939176
224,1.554,120.51382887297677,138.77293932528525,129.37637848739257,14.583817502246704
225,1.552,121.12272692698926,136.70420635381365,129.6191883225352,11.98479288612369
226,1.55,121.12548937722917,139.2467845685195,130.1277548447768,14.013449249341502
227,1.548,121.4484273833212,138.56277304462515,129.13838182935893,12.4108046619982
228,1.546,119.76558386082684,137.38721318445442,129.67475502184163,15.515553598950872
229,1.544,119.92549506283535,139.38735441565518,130.1185398372129,15.38917859227772
230,1.542,119.8414154291796,137.84030529533848,129.3709257646816,13.329191950290857
231,1.54,120.9604575478842,136.95815850002614,129.36794069884246,12.54118113691029
232,1.538,119.13423635538763,140.32657838195092,129.71768546538357,14.700976987287918
233,1.536,119.17175532126998,139.89693284400406,129.59354500691205,16.548980107910655
234,1.534,119.31586062425498,138.88518900973503,129.41210801394615,13.089210607698693
235,1.532,116.90909269000036,137.89184552769183,129.24999970744273,14.404007977109123
236,1.53,117.94955226894118,138.47391353517793,129.50532965577884,12.775120801197357
237,1.528,119.25760167151401,140.73774680478033,129.97134444074396,12.59848998166742
238,1.526,119.91500325289302,138.9914708244719,130.15454571176872,13.998651105525479
239,1.524,121.08426807107296,136.205385729412,129.3469659290036,13.833306024571142
240,1.522,120.68933414838381,139.3803690264403,129.81230706113195,13.247529270813846
241,1.52,120.21984792219853,139.06800380140447,129.91342084370595,12.790079789285066
242,1.518,118.51253123200998,139.03693531905702,130.0629609885982,17.541507877694553
243,1.516,120.43035280190381,138.63702928089708,128.92704406181423,12.850352705833656
244,1.514,122.21130604835558,141.12839904485045,129.65873065344994,12.754803326950396
245,1.512,120.02614583210752,138.96512763127873,129.2743185506614,15.211871876389118
246,1.51,120.61617312881414,139.00547687764532,130.09977606688417,12.760079012760437
247,1.508,115.38994126209877,140.39765524161987,129.3376593527061,15.251251578839549
248,1.506,118.97227682372299,138.2957308996911,129.45900859347088,13.510607688702143
249,1.504,119.01224045018265,138.82794251613961,129.18955154617788,14.093962456374461
250,1.502,121.51198198843555,138.20642370641588,129.94811986718975,14.312034721728574
251,1.5,120.02824637537947,138.98448803327818,129.42381945099407,14.94963614699309
252,1.498,118.91549654003687,139.22835416388125,129.65682864733066,14.817994269779257
253,1.496,119.3462080418472,137.54366532727323,129.4210523358567,16.557615977832647
254,1.494,120.21829936296145,139.7846022947492,129.51930017021715,12.355185877855263
255,1.492,118.94100988578178,142.03999387109292,129.3423402269766,13.746269929874295
256,1.49,121.43707652744952,138.41460847012627,129.66908951842763,12.607315779880018
257,1.488,119.82009657544165,138.07750174927702,129.1438829648303,13.550698807075749
258,1.486,119.5993784957441,137.67181504272384,129.3277688539889,14.419892869387681
259,1.484,118.28599577177833,136.40220946119953,129.31588484912453,12.750439271582506
260,1.482,120.1890427920658,138.9598936344164,129.47354550586846,13.878226721456528
261,1.48,119.14883648983195,138.39909741802606,128.78809575827114,18.45555339012429
262,1.478,119.8279142579935,140.32057937631538,129.22906457770233,15.798313180785797
263,1.476,118.94498543918847,134.65448467472126,128.6381012099132,11.94453384388185
264,1.474,121.61443114645796,139.189317463907,129.7916464477105,13.804144242868412
265,1.472,119.72516423130446,139.2580479325395,129.6975206629561,12.574268836563867
266,1.47,120.31139164606759,141.22523127140647,128.96658408284554,15.974441180582765
267,1.468,119.31177010122042,142.74720976949402,129.07955406814,16.553201351556968
268,1.466,116.90076974569979,143.91756996884703,129.46958343151,16.078299758893852
269,1.464,119.82339076537818,137.6164102464375,129.14231143533033,10.83269721983761
270,1.462,117.30716834411146,141.52037671333903,129.43299433639902,17.286885692296167
271,1.46,116.48657146043423,136.98799699511798,128.8728483031745,12.338594008631263
272,1.458,119.33383651595985,140.5944697243761,129.07327296842266,14.996367574478555
273,1.456,119.03057234243488,136.40117676258652,129.3316585088903,11.1834627156709
274,1.454,116.76832913766498,140.02439323844095,128.9606917168917,14.859790157775992
275,1.452,116.33449426042671,136.5323176205609,129.08300091191126,13.860726956186134
276,1.45,120.94006521986873,137.65469998735307,128.90715395865877,13.830498463233905
277,1.448,119.82796181030568,136.96544359717393,129.03270706731786,12.293894815034552
278,1.446,119.65532438134085,137.86439857480315,129.00115552241965,15.863251373133796
279,1.444,121.28971061691591,138.34675427636233,129.27692868259788,14.388131466179814
280,1.442,119.125964396858,138.67258114112627,129.14881164037337,14.572346077213634
281,1.44,119.54281988991463,137.02668160665627,128.2913492857075,11.165487637325747
282,1.438,118.27389973994698,138.37451815601057,128.61911923592066,12.565457038609289
283,1.436,121.05377150177682,139.33858326917837,129.10901095130947,11.307327788237247
284,1.4340000000000002,121.44490557264015,138.26751920986956,128.83810254103426,12.180180283182686
285,1.432,120.79610129889626,135.76163511663526,129.13485071044232,12.068177735923388
286,1.4300000000000002,114.3437227484239,138.15199551362622,128.52413382892408,16.7559840573943
287,1.428,121.32598709981757,139.35218115325708,129.06160059939776,15.881682989186466
288,1.4260000000000002,121.88710799371421,139.28263839308153,129.68117332262983,13.153046403507743
289,1.424,119.05059946436845,143.7702152096374,129.03024831186468,14.469492300415714
290,1.4220000000000002,117.54984536558727,137.26400962780394,128.7033619262902,15.49770768831179
291,1.42,119.53419967116085,137.89289044371566,129.1090891606639,14.245554210928464
292,1.4180000000000001,118.68517560732421,137.31774634774953,128.85045670660764,14.091277928629834
293,1.416,119.65467988003756,137.27158365967614,128.85795713935156,16.009905805467373
294,1.4140000000000001,120.05841494835155,140.82321024697495,129.52641343881794,13.128136504655936
295,1.412,119.41113773657561,139.24863246486908,129.29621162450604,13.121631473694205
296,1.4100000000000001,119.87002565996774,137.46109884776814,128.84894986542542,13.878672487370828
297,1.408,119.24655774140089,143.13587544283573,129.68494096562262,14.911547345370323
298,1.4060000000000001,117.48506389037637,140.21185912425278,128.9888013237822,13.59433109063042
299,1.404,119.1094055103259,139.4710538756368,128.39008522682633,14.281632168983696
300,1.4020000000000001,119.7755027314287,136.23034276513937,128.52822415937183,13.676848453976516
301,1.4,120.66509527001494,140.4847048789837,129.0103221931636,14.702289055973809
302,1.3980000000000001,118.46131702343379,139.51456291711463,129.54363731508235,13.212751737167402
303,1.396,121.65693337145159,139.03233551295983,129.09307506083496,11.73345902724686
304,1.3940000000000001,118.21926780378224,137.18747686312574,128.5887423653328,13.33933904083285
305,1.392,119.6691714176329,137.66340704015428,128.74904321788617,14.059886568476607
306,1.3900000000000001,118.48106769126173,138.18104304154383,128.7829770357229,13.392808108932329
307,1.388,116.71801197923206,134.65213602539814,128.0820838322324,10.961803878316985
308,1.3860000000000001,117.2583285851161,139.42598834223134,128.5616611383237,13.829782774381819
309,1.384,118.16554949947425,138.56299390897834,129.36066098846229,13.149902555390604
310,1.3820000000000001,117.89054538214289,138.12169829694994,129.07885679803013,11.855708785243813
311,1.38,117.19606402177865,138.31754310217585,128.5341465427419,15.692112315486423
312,1.3780000000000001,117.91300694093286,141.05824037959354,128.8336300900979,12.92862593385103
313,1.376,120.21602973899297,138.00915462608526,128.49771192638778,11.303734179674242
314,1.374,120.92231617571419,137.61460639946287,128.60135696014183,11.825640856227455
315,1.3719999999999999,119.3913868776603,139.91844908943943,128.19949995519698,14.27824153453943
316,1.37,118.66289958171524,138.02507210895664,128.62276585232095,13.067920687475736
317,1.3679999999999999,118.65069541393511,139.23166412484449,128.350559787184,14.499254951334414
318,1.366,118.37021736361095,137.60104652738158,129.0335830092704,14.052247242432264
319,1.3639999999999999,119.6977326675348,139.760814018901,128.1472271256299,15.170699699568264
320,1.362,121.45847954786525,141.2205682818124,129.00777240712827,10.395121431855722
321,1.3599999999999999,118.6794874231353,138.30330806168394,128.7310466636887,14.417442517707165
322,1.358,120.74859760139546,138.56380677207545,128.17992027834683,13.860646072958822
323,1.3559999999999999,117.28709587985003,137.2163501640797,128.38055980523123,15.732548978253451
324,1.354,119.22551313145578,137.06116798539068,128.6247192974132,13.710507009252785
325,1.3519999999999999,120.78083516981872,141.87285278816043,128.5484395332904,15.011678028578128
326,1.35,118.76623658305762,136.99718811373594,128.16621405556697,13.50945918031877
327,1.3479999999999999,120.89950648050916,139.03915327210484,129.02301952045065,13.781042662913855
328,1.346,120.445012332197,138.73654165401103,128.17897864006414,12.315056407023032
329,1.3439999999999999,117.66511115266523,137.22102725263636,128.45117999431608,13.940690272815026
330,1.342,118.61925777792626,135.86090044839455,128.5021271768902,14.315720524722465
331,1.3399999999999999,113.34684903739694,138.5584542141112,128.65509515244622,15.056656163184407
332,1.338,118.62242931221714,137.4355928913257,128.5219897194539,14.882705908828981
333,1.3359999999999999,120.7685638861156,135.37840357370143,128.41682998165095,8.588427971829482
334,1.334,120.1092480465548,137.21410115325324,128.41589838704618,11.788263199646218
335,1.3319999999999999,117.25911750749484,137.36281813787136,128.17163648233756,15.102883264299507
336,1.33,118.57815070231172,138.34613235794382,128.6320662369626,12.996230413476278
337,1.3279999999999998,114.81568056602255,136.43957041094495,128.39070012038485,16.480728764074282
338,1.326,116.05956697490781,137.75796481459437,127.82352098485259,15.420432492393356
339,1.3239999999999998,116.9916420082741,138.655966422689,128.11466442627676,14.33190740026502
340,1.322,119.19656351223148,137.36979768252374,128.0221698831973,13.461219544780455
341,1.3199999999999998,119.98836889574577,138.44838837392643,127.66084753866181,12.797589400969535
342,1.318,117.85728406804085,140.36910465903955,128.574783800197,15.025150223161441
343,1.3159999999999998,117.5710542661192,135.8382449823112,127.50727417037734,13.406724380672342
344,1.314,119.34443581912168,138.74001554417742,128.27258815829694,11.953425042520369
345,1.312,117.74768003368723,137.2031966225774,127.86028094496754,14.18324412106856
346,1.31,118.40444329420316,140.3115653982715,127.59153469365789,13.34390332768931
347,1.308,119.27443660091397,137.45107407343068,128.29696919570642,14.492640960376589
348,1.306,117.89816109046204,138.2038578710809,127.96223890002872,13.431126721338137
349,1.304,117.77482454427579,136.94474783750485,127.722949093654,16.49201623071408
350,1.302,119.0932717277795,137.48250511578874,128.39210577080533,9.336042238886895
351,1.3,118.61442850396108,136.84097613968447,128.68085968180372,14.797963876338816
352,1.298,118.38116006695839,140.86596831268722,127.58637383084954,15.242607954846148
353,1.296,118.09831686535573,136.7173501800856,128.0834152519395,13.344447188144606
354,1.294,118.23912866970014,140.46274225578023,127.9475677684236,16.5313650852085
355,1.292,119.15779611703061,137.03902700379103,128.35422979300083,11.756843722162708
356,1.29,117.31623290957023,138.89038441532193,127.83200395054156,15.313459749211747
357,1.288,113.85664226989502,136.38141089752614,128.11744167559579,14.462079458496333
358,1.286,117.62831534220552,137.0245266787515,127.95516093727645,14.449009076582668
359,1.284,117.45585201855192,138.36022917728843,127.55513450585849,13.132573983302352
360,1.282,117.35461263061835,136.46242231311038,127.21697516815729,15.64679294237617
361,1.28,118.99101934915458,136.75891033131745,128.07629427576626,12.310874098560745
362,1.278,117.11631014844534,139.77604047840904,128.28541956768214,14.002688531340663
363,1.276,115.10014858042103,139.4015830909922,127.32600250992465,15.645595122707814
364,1.274,117.64143512699056,136.439123862033,127.50685492480156,16.36233245491712
365,1.272,118.40341650769624,139.05692609719708,127.36716003244905,13.612835494921315
366,1.27,117.40411002427561,137.59532993016956,127.44603205853103,15.374556382799108
367,1.268,117.890786723845,139.42864463014556,128.28484900859965,12.023218862326503
368,1.266,119.17021009328055,135.18640225170176,127.36474670833789,13.170777721344034
369,1.264,118.04460268425909,137.02378846864167,127.62933699082079,14.08161401216121
370,1.262,117.11245969571382,136.86363310704263,127.96127550238003,14.445968110208602
371,1.26,118.9893887693236,136.85599630521847,127.38149710394644,13.41996360717495
372,1.258,119.27947712650669,141.58517027274064,127.0887050395588,14.073586588244348
373,1.256,120.37937138601345,137.53956522103772,127.73807575507425,11.123663774770552
374,1.254,119.50559716500598,139.65286681231757,128.33135467321435,15.589821387908522
375,1.252,115.28680785499652,137.65682219110442,127.59361329631435,14.716800201052775
376,1.25,118.20928079616161,136.9766564100514,127.97449909037083,14.405133061212329
377,1.248,118.18012489931064,135.98527521809842,128.28532809745514,13.138068511555232
378,1.246,115.45464392425086,136.05768574326532,127.42413273241786,12.594221581159818
379,1.244,117.07450898702466,136.62770355889518,127.4130640372635,11.409607571763587
380,1.242,119.69589645344888,138.9614833641786,127.44594787148279,15.818794543874212
381,1.24,117.45971513489135,136.89324003563027,127.59041813288518,13.299396559253536
382,1.238,119.42521602045747,135.9575947625702,127.71881930966511,13.403696382796241
383,1.236,117.74581061117411,139.17594507680622,127.96564170565729,17.4771012437056
384,1.234,117.95440454065093,135.2121134559299,127.5530015657938,11.765700447670001
385,1.232,118.69990661489449,138.83380085485047,127.48723670411806,17.484696370290557
386,1.23,118.9032975306944,138.94464778082644,127.36172143642762,14.189311541647404
387,1.228,116.28120322098513,133.11179762386467,126.81568833130059,11.235334609350906
388,1.226,119.94135648946201,137.53615719735248,126.97089012323539,12.386618709130746
389,1.224,114.2888397496232,135.57372635017802,127.22010105164586,14.129210769092849
390,1.222,116.35836718139323,135.42748586233733,127.04419811980286,11.809235439461524
391,1.22,115.79362486807184,135.20594707204967,126.79355318217316,14.529586384658296
392,1.218,119.3283150023997,134.81342334640976,127.33929475773164,11.118694455127692
393,1.216,117.80681902192308,137.3572338691519,127.08678705116563,15.030991109637474
394,1.214,117.8606360219069,137.86760012893131,127.17984330221744,16.811248093331645
395,1.212,119.87359436503156,136.58945827400734,127.48083609535374,10.808659607636958
396,1.21,120.37167118663362,136.61386920826794,127.656155411129,12.016733314562057
397,1.208,116.71243516138523,135.99399007601184,127.34460192768452,16.151945503681425
398,1.206,118.24969273958534,136.78949159586605,126.80372945048993,13.411979850666357
399,1.204,119.73260129913075,142.14788828706685,127.22045821902879,15.459823115226227
400,1.202,117.9211933214378,136.78343209951822,127.60368010918279,17.364642884070566
401,1.2,117.38412146632518,135.48789081850157,127.10297241662444,13.306223170630249
402,1.198,117.74879701869165,138.1663770115931,127.19550501201908,17.176815065299166
403,1.196,117.21606976619182,137.24227832871935,127.01721462363747,12.85839670347232
404,1.194,116.71966309698358,136.75865452858392,126.76580628969401,12.62231104085351
405,1.192,118.2140316420972,136.99333339589447,127.37852992598246,16.17513626598407
406,1.19,118.44726423599442,136.4906857833144,126.85087223700783,12.386441347850338
407,1.188,117.80429795414102,140.5508984616266,126.33797161752364,14.915618423539101
408,1.186,117.59869727261876,135.32174976545753,127.24935513498093,16.249545663810228
409,1.1840000000000002,118.99322720711552,134.47429630050783,127.32459349713194,12.925545962804325
410,1.182,117.95427297029434,136.46208711973614,127.34467867104095,11.38007052723427
411,1.1800000000000002,117.73328533753914,137.15032252695266,127.0496191158712,14.641973452701954
412,1.178,117.1285689462324,138.02450010438633,127.54427790042783,14.686687803425048
413,1.1760000000000002,114.24374185501706,136.2969973123181,126.06029247076894,15.009865205807303
414,1.174,117.87535639406175,139.58578358065554,127.21626656266953,15.908948400102759
415,1.1720000000000002,116.77518321371869,139.44453684515167,126.71428891535221,13.413431138501025
416,1.17,114.23733486959479,137.17497979259758,127.15295996343983,15.219453700060516
417,1.1680000000000001,116.23831606222448,137.5154023724131,126.57205881075933,15.718150030803233
418,1.166,118.15783384653956,136.2567436322619,126.933522777479,14.374060805028796
419,1.1640000000000001,117.67443633148854,134.78604656797637,126.84644504460138,13.872724859726137
420,1.162,118.45250770423162,135.20861221654013,126.1640644999145,14.263725688653823
421,1.1600000000000001,116.89274854646567,134.92120504923471,127.18017117696012,13.918543241752486
422,1.158,115.13626696951007,136.58803732402055,126.835198943444,15.361880589326695
423,1.1560000000000001,116.7520179175998,136.76100663677477,126.55659778628618,12.303452766842055
424,1.154,118.24209793880794,136.3375119358416,127.52213382607489,12.457598097164004
425,1.1520000000000001,119.30449208590231,134.78878141906702,126.45392882023839,11.334835007000365
426,1.15,114.48698567462942,135.8779402752184,126.30222298564371,11.506932830826091
427,1.1480000000000001,115.92906953975742,135.0086029094611,126.62986476758827,13.33738460000896
428,1.146,113.37477366950321,134.89200712609826,126.9168490401226,13.667781242282965
429,1.1440000000000001,118.58118456882931,135.68379448557332,126.68753477597764,12.41156753483154
430,1.142,116.64871108769599,138.8996326422233,126.1553882271821,15.492870563936272
431,1.1400000000000001,116.80219147801746,133.07563816124815,125.98554186293109,12.68857852674411
432,1.138,116.99800932328348,136.10734477150208,126.73276241109139,12.036968380144595
433,1.1360000000000001,117.80471576669554,134.12796935656763,125.84055465063051,12.54315517321867
434,1.134,117.21986182212903,133.74346157833028,126.24384948691073,13.172237053009674
435,1.1320000000000001,115.7898650028015,136.55534378833624,126.3542495102171,14.41198914081575
436,1.13,118.7019470845957,135.12234919395175,126.01126725830426,14.967306336677849
437,1.1280000000000001,117.676846172499,138.05146420256847,126.86621443398003,16.307625733207146
438,1.126,118.80042540051791,135.71664545426097,126.62201745778094,12.7050945784952
439,1.124,117.32403905315361,136.57867108831022,125.86446056978644,14.55951318496621
440,1.1219999999999999,112.43386413762316,135.1998679677638,126.41554060065094,14.363811157137015
441,1.12,116.90689500431967,135.19100462571987,126.48180756448247,12.847646556721582
442,1.1179999999999999,116.89861486486083,134.18745717592526,126.62900235454626,13.755313610107567
443,1.116,117.01978610292187,134.55744077109046,126.24706483164172,13.411871851022635
444,1.1139999999999999,111.4344085018056,133.8887059311612,125.63497914580897,16.628212512719323
445,1.112,117.52877898041301,134.20017459835145,126.6979646359266,13.278759689786897
446,1.1099999999999999,117.32955232064515,134.75673110363073,126.3081538913952,14.101856845412968
447,1.108,114.94663840615146,134.2577818860369,126.18168812951762,12.312461331568132
448,1.1059999999999999,116.71541756676098,137.54391725978255,125.84635635236124,13.369435454354676
449,1.104,114.6408784565841,140.18442249164548,125.84068352678398,16.72509844013323
450,1.1019999999999999,117.22559124248478,137.27481748369036,125.94881379178271,13.280114289431213
451,1.1,118.35485862285816,134.19756628088493,125.82610991925515,11.992223496635178
452,1.0979999999999999,117.2945915389198,134.77032223292008,126.28394269459653,13.265382061209312
453,1.096,111.87893607375537,134.61536674484256,125.73656195357562,16.153975955324675
454,1.0939999999999999,118.2466579573505,135.3989117088273,125.65078598702223,15.498646644976555
455,1.092,117.61714681601283,135.27476659507278,125.7733593464801,11.841937474443592
456,1.0899999999999999,113.76001752457567,135.97614437088205,125.82275578352312,16.253930954670103
457,1.088,114.45614101521957,139.63432212578553,126.48641914840007,13.473876224458206
458,1.0859999999999999,117.13772000526089,134.77695986722784,125.96436225615733,11.719095656563235
459,1.084,116.42953068496291,134.38615351653468,125.26356410924963,13.281210168572349
460,1.0819999999999999,115.17869957352269,136.28369484068094,126.17069556895075,11.744081766183132
461,1.08,117.35573724035724,137.11549391817417,126.46756115856951,13.29952361300772
462,1.0779999999999998,117.27547827437445,136.93915346841285,126.33190440295397,14.532963472948223
463,1.076,118.28172990413077,133.71811408112166,125.81656963140261,10.338087674003768
464,1.0739999999999998,116.60837455216132,133.38111641599363,125.80671041262575,13.132928067393456
465,1.072,118.26922601626048,134.75068106855161,126.14567698645561,13.357471211962295
466,1.0699999999999998,112.78032875396516,133.23467571941677,125.29682701346557,16.346171783818146
467,1.068,116.13584830166121,134.16369175863707,125.85600696885078,12.765663663546801
468,1.0659999999999998,117.34775762387675,138.46599626521262,126.64016992523256,14.702907292457612
469,1.064,113.77211828757234,133.155442303429,125.20161897681015,12.2258106404563
470,1.062,118.11102561410542,138.08501707330737,125.86524578063394,13.372988055507397
471,1.06,111.97243583806664,132.72210688735714,125.31132361716314,14.813952548644213
472,1.058,116.34509658037383,135.96648737528702,125.81600141133325,16.97289671006128
473,1.056,115.15897341801477,132.5239605176953,125.61290086244604,12.90655508048139
474,1.054,114.8661018667024,134.5223783104574,125.71763698771245,15.510588955588673
475,1.052,115.96274995049365,135.1164168885796,125.64583102925104,15.133455801161542
476,1.05,115.30709192847353,134.98183622105944,125.20159349957467,15.035314223691557
477,1.048,115.26651222624392,133.97937029459533,125.39009649713861,11.301972398698553
478,1.046,113.96851683008616,133.95684375751097,125.67626234808921,14.42153017873302
479,1.044,118.43880195197085,136.5935460105942,125.75740078720173,13.660003027495636
480,1.042,112.33381845812984,133.05230424556058,125.3771678806292,13.5737166683025
481,1.04,113.0502277437925,131.8390288614674,124.54964771532815,12.934516972393233
482,1.038,114.26923877226312,136.82857756937818,125.16361517985884,13.342227786669486
483,1.036,115.86619366962435,133.60311573678263,125.22341203234879,15.983774473626445
484,1.034,113.13661239846647,133.5969735130647,125.33750356275203,15.573697767589241
485,1.032,117.49317435200406,133.86843955736003,125.89839923195062,11.173526066332789
486,1.03,116.73010526997737,130.92697661339565,124.59015074489469,9.582006757537394
487,1.028,116.2094764031211,135.30909343320764,125.47456254569917,11.96768364426328
488,1.026,111.20924200853567,135.4702765437665,124.44015533863566,14.874019537139008
489,1.024,115.76523553269641,134.89199698102937,125.62864926074606,13.901771198781885
490,1.022,115.6428379149554,135.04814650493716,124.73508628941822,12.898677306422124
491,1.02,113.69259734934525,135.43734143244973,125.2398214090863,16.401237669431495
492,1.018,116.32579154195338,134.40049634105154,125.55148188076004,11.463987413746946
493,1.016,118.55107449806584,136.2491795392546,125.33478512698474,12.384316463118708
494,1.014,113.80145907410905,134.82618264809344,125.29369678846538,13.812597081576312
495,1.012,112.39221827006119,132.91686393207846,124.81860500940338,15.455699916494018
496,1.01,115.4054707316495,136.63805542179313,124.71122754776809,17.853732223390836
497,1.008,115.36111144033384,133.1064596914135,125.1146817467708,14.137252417068172
498,1.006,112.80817501975135,137.01004611344504,124.82027462360409,13.95926746828103
499,1.004,114.11395135148214,136.342614365053,125.11189910386437,16.197778951213408
500,1.002,116.38374123482012,132.09589383497632,124.17117118620287,11.42995100276017
501,1.0,118.05197613253421,137.24553409230595,124.91589828969856,10.888852560619913
502,0.998,116.7244907460859,134.37892830755908,125.63050488792933,12.886748283172135
503,0.996,117.03900440238979,133.68073531142085,125.0612268043613,11.84987752373949
504,0.994,118.12396258864054,134.13966497341048,125.05168995180307,11.969584655334696
505,0.992,114.53994172427613,135.60986214384002,124.53158566564764,13.802672443966918
506,0.99,115.29434953966324,133.27212791854248,125.09964558656324,12.545995579621385
507,0.988,114.43644984642188,134.13623436862784,125.11052581255589,14.909654159779453
508,0.986,114.25865215911341,132.25967045243,123.91437279397768,12.098245085161045
509,0.984,114.67228265455711,137.0651802049668,124.9521181605142,16.890327640895883
510,0.982,114.93746772190957,133.63984199458662,124.26327990518105,13.727633534614878
511,0.98,113.72630795514203,134.66462096915032,124.60680289626187,14.79766428882536
512,0.978,114.63329463754394,137.83465335456094,124.74078027584966,15.89098429901719
513,0.976,112.60351046864207,134.42938696672007,124.3659917174426,18.260124597078946
514,0.974,116.94081625745774,134.16040762031344,124.4208398286614,11.99510177079967
515,0.972,112.36365490214172,134.80112968745863,124.78736713978881,13.808505851682042
516,0.97,115.65051342276172,134.0822674194629,123.82915554535928,15.690485438704938
517,0.968,115.23289329845537,133.33660453181696,123.90597854326217,10.565628118978795
518,0.966,114.92967735517178,135.02271340151245,124.2942452245945,16.576690464244127
519,0.964,112.67770161961337,133.57174216816045,124.09364629455729,13.68767922853246
520,0.962,114.96885210670914,134.65707175477047,123.94543166535436,13.9108766224332
521,0.96,114.44345267793203,135.103693558451,123.93134385711565,13.279218245519498
522,0.958,114.37145169719778,132.72651664091453,124.13441099105839,17.442735130487815
523,0.956,111.22994326959903,134.07104495345772,124.00705744857338,14.452847792532001
524,0.954,114.02605094188237,133.5886893451866,123.59809708268483,14.896675158978093
525,0.952,114.48767686439207,136.80635059380563,124.60385950229205,14.899294533067705
526,0.95,114.78286395977881,137.71989100763716,124.58598651264023,15.96846640532403
527,0.948,113.59331257880754,133.05934532980976,124.06564989991517,15.6197714591195
528,0.946,114.48341069839977,133.36388887741833,123.87264121748042,14.195554971939412
529,0.944,113.28756344313929,132.97599928928452,123.47353043684967,14.456435938775632
530,0.942,115.63323279985256,134.8964567467666,124.10146337765724,14.0323868158838
531,0.94,116.1247425848871,134.3946867436096,123.91694123019109,11.578811592564156
532,0.938,114.28774770509156,132.3964080256742,123.37708552812245,14.28720910512733
533,0.9359999999999999,113.54052053661985,134.56558356327616,124.12897198596396,12.55722190413196
534,0.9339999999999999,114.94609248342616,131.52831283040246,123.75786878716569,9.93579985366448
535,0.9319999999999999,113.23010239176386,133.53429918106474,123.7381700815961,15.845434782054637
536,0.9299999999999999,114.868813760616,135.20827290439738,123.9498285586896,14.592107325293894
537,0.9279999999999999,115.68760519317718,132.2222801290254,123.83766473972331,13.506879401549648
538,0.9259999999999999,112.9581067678788,132.9376591497848,123.4027287084989,16.552650612602474
539,0.9239999999999999,116.15493147558516,133.37203598077812,123.82071718290481,13.175464259092747
540,0.9219999999999999,112.10519572335019,134.5728488011394,123.10761922667075,14.571496153290365
541,0.9199999999999999,109.80215241374609,135.0677007127533,123.66479293301424,18.06621182240048
542,0.9179999999999999,115.12266360320262,132.5863878745879,123.533326675422,11.844108043062064
543,0.9159999999999999,113.42016526093569,132.6835829553542,123.4046798758922,16.005713363046727
544,0.9139999999999999,113.47833654666196,132.81929957573644,123.858462579937,16.048221940352253
545,0.9119999999999999,112.40698279394876,131.31298444408384,122.96555446079661,11.85667094011797
546,0.9099999999999999,115.11043401327734,131.74516518348807,123.14037885561225,14.675448180008058
547,0.9079999999999999,113.48727036959207,132.03240501962037,123.01293125379962,15.116356793677241
548,0.9059999999999999,112.56505754550383,134.02767667903026,122.93376970806783,14.158057349226716
549,0.9039999999999999,114.32271513308697,132.53446598949103,123.82868160761896,13.638604691280623
550,0.9019999999999999,114.9661995707003,131.75520157572637,123.46985503518596,14.091920657976868
551,0.8999999999999999,114.5716965098192,132.5576792208864,124.42966372884703,11.998536466231464
552,0.8979999999999999,114.3216272931165,134.26338057855307,123.3889916224763,12.58437862661319
553,0.8959999999999999,112.98790894787828,130.82101057617896,122.3620555212659,14.18840494746767
554,0.8939999999999999,113.17686108588825,132.7763231810032,123.76010195210779,14.337267271232784
555,0.8919999999999999,111.9699735127724,131.78938597943767,123.25631337113487,12.514728175182897
556,0.8899999999999999,112.7195757719692,131.4891003732789,122.94817197735202,16.050097474829453
557,0.8879999999999999,111.84964464392442,133.11117933599172,122.82127706153406,15.69549232565192
558,0.8859999999999999,116.14372281762229,132.94140901544648,123.3428559535154,13.433271642668874
559,0.8839999999999999,111.43217493170127,134.7832934483406,123.2631627419746,15.851655823668636
560,0.8819999999999999,112.34013338116512,133.3043275531105,122.57756640237669,15.236029772032099
561,0.8799999999999999,113.18043689548506,133.17063531910426,122.97878415586788,13.0861243176668
562,0.8779999999999999,111.62026860409054,134.58434821734636,123.18550284939256,16.88721027352773
563,0.8759999999999999,113.48274228141142,132.5822912968089,122.2387723289666,14.818174925700154
564,0.8740000000000001,115.14241528407254,130.7008980387564,122.85147196645079,11.220611484448067
565,0.8720000000000001,112.57668855869686,131.3531032282824,122.38801914261076,15.106837566464037
566,0.8700000000000001,112.15542660866097,131.07596431695293,122.59721455936898,12.688335035284142
567,0.8680000000000001,111.46318433887419,132.79550754512127,122.33321283268963,15.212775462868201
568,0.8660000000000001,112.6099567141273,134.3527355044026,123.22595776981677,15.759081467436763
569,0.8640000000000001,110.85050926056759,130.0649776051609,122.26854491715744,12.244835624633213
570,0.8620000000000001,114.66455189763971,132.8029619154807,122.89354138790331,11.564217020714558
571,0.8600000000000001,113.61833170366798,131.71769299541765,122.54850010746313,13.668426730015321
572,0.8580000000000001,114.32787899600106,132.62865097745322,123.26523590703214,15.221008062517928
573,0.8560000000000001,110.42126142082176,134.51760473557272,121.82252218113881,19.660382715316427
574,0.8540000000000001,112.25269220322507,129.67941778293164,122.53270958336736,12.055923545728104
575,0.8520000000000001,114.31257042740788,131.50661710255963,122.02414928642398,13.878452515205623
576,0.8500000000000001,108.71301733842151,131.97105613183322,122.95269779695732,14.941005359416984
577,0.8480000000000001,110.51855470931585,132.89992658426033,122.70768828145286,12.529056087715174
578,0.8460000000000001,111.61892387068193,132.43958539871392,121.79389833272796,16.123208467659826
579,0.8440000000000001,112.60019544904694,133.94356612978848,122.67996389876795,15.91776115707089
580,0.8420000000000001,113.3788556007554,130.9038540428222,122.11429011260799,14.043202657747655
581,0.8400000000000001,109.75482063020407,132.03007867062496,122.10084919103414,14.823714617690854
582,0.8380000000000001,112.65706948892189,131.93879917116107,121.89171948761737,16.32177384059371
583,0.8360000000000001,112.78198918690259,131.26533859288242,121.87299644968815,12.757689372792566
584,0.8340000000000001,112.92294191956194,131.6781530547863,121.67400070028908,13.424496158657572
585,0.8320000000000001,110.81080520878797,131.420166297758,121.72887328106141,14.807942870176362
586,0.8300000000000001,113.40592424401649,131.22779735782083,121.79309829467074,13.718188145244266
587,0.8280000000000001,111.78686005387905,130.89880228969187,122.30227695152439,16.618118996405332
588,0.8260000000000001,111.44104274845014,132.49537691495658,121.96186337826802,11.941210313033707
589,0.8240000000000001,111.57393207429087,131.8113670659909,121.15818326469882,17.450936148762246
590,0.8220000000000001,112.01021118492356,132.43752293584888,122.39274948701552,13.288472139357435
591,0.8200000000000001,112.47396252690457,134.36490546509418,121.4880315975483,13.780689450644038
592,0.8180000000000001,112.22417706446285,130.81423831270033,121.73071079116202,13.454155678903193
593,0.8160000000000001,111.42704610784494,133.51158287814712,121.26427899414026,17.005465887397712
594,0.8140000000000001,113.63178371187433,131.05643365436845,121.42598713711769,13.428471949235849
595,0.812,114.11080759467426,131.46749625446031,121.61568399526817,13.021195828893175
596,0.81,110.42665823123126,131.37284309699874,120.94655909490177,16.933101080093326
597,0.808,112.67866699575833,131.05240765448627,121.60991197336818,14.053817525687581
598,0.806,112.7256039562711,128.63600035373787,121.65993697403563,10.967386395478929
599,0.804,112.65012473200751,129.65333766765468,120.40038865474997,12.651755750257738
600,0.802,111.0037826317911,129.86178668779795,120.83785753428877,13.194433414042335
601,0.8,109.82824458806459,130.29834038915374,121.418681956576,16.809618675460875
602,0.798,108.87257066646231,129.94911161711286,120.98831510334405,17.191782450297655
603,0.796,111.12352406610754,134.19301197138003,121.53622440691879,15.464161163895545
604,0.794,111.67281936160586,128.4905840676438,120.60079041622268,11.830620268859635
605,0.792,112.62788389934472,130.4404010430244,121.19410776320109,14.245703229249912
606,0.79,109.63167092662611,131.09420205832046,121.10707029690595,15.252826522802938
607,0.788,111.37608244393773,131.61796201499703,121.05414209378587,12.61492500474664
608,0.786,112.47915225128784,132.31030770108453,121.38508774268887,12.312670093329489
609,0.784,107.90548091155392,130.20199009757332,120.63207600562006,15.098338137438631
610,0.782,110.6923559003109,129.61028343632847,120.72385392201846,13.15330339915275
611,0.78,111.72761392592284,131.55983174561766,121.33983592347855,15.040972566747124
612,0.778,112.57235977834462,130.59229477097546,121.11657023927195,11.964366224546195
613,0.776,111.37841498296649,131.4603892156381,121.06334888264804,14.539051923715014
614,0.774,111.47611943132088,128.7741894075864,120.5329638231947,12.054079191418895
615,0.772,110.908403478312,127.8177941427796,120.71433816557494,10.799970394459471
616,0.77,106.39750820010948,132.4568566031084,120.52567875562977,16.420332944414962
617,0.768,111.95142716486164,131.1920939965337,121.0353233290894,13.875308655929553
618,0.766,109.55635824827635,129.30093554068952,120.01653824767945,17.146263509955325
619,0.764,111.53344450481359,131.61480881820944,120.39201075322585,15.575882087219737
620,0.762,109.02261416317772,131.71579429608613,120.45767940169445,13.676791021512972
621,0.76,110.50845909584555,131.5099339935843,121.39385891755893,14.8344280539485
622,0.758,108.89589903556124,129.8750004177512,120.49753536114758,12.824452183820412
623,0.756,110.9694371096885,127.35809018324937,120.29521378670115,14.320593338604745
624,0.754,109.23617136505968,134.02547126130725,120.22112223892805,14.90047210201662
625,0.752,111.458073597355,129.5110947903527,120.38401886203542,14.53132104128503
626,0.75,113.04704991259342,130.18013366383514,120.27287783798347,11.972751707365473
627,0.748,110.68880034947438,130.37391721011795,119.8683269141884,12.938885760076863
628,0.746,108.86512236354304,126.70394219212302,119.71053550121522,12.382511857938706
629,0.744,108.9821834488825,130.59182723011327,119.64552997802619,15.731514500952038
630,0.742,112.84213163439244,129.80388250769374,120.14721976833492,10.449323997712083
631,0.74,111.46357774344935,131.92840958471245,119.94560776080232,13.327188290275856
632,0.738,109.8557880039405,129.36225188242543,119.46370501468577,15.838426956592587
633,0.736,110.61661726731245,129.38313033676368,120.190213841336,14.450961311730094
634,0.734,108.8878999029908,132.06623418996583,120.46037520886267,13.726869958076705
635,0.732,110.97355726404757,131.2656668937304,119.48466934652552,12.842904001076558
636,0.73,109.44762137986334,129.78567669429097,119.23486572699443,14.296928512935157
637,0.728,109.61952201445482,130.88619298407792,119.21930469447206,15.028430031695375
638,0.726,109.76282725276513,130.6352561769043,119.4141479443629,16.75245636396739
639,0.724,107.87129459175867,133.3517754883633,119.6697487056195,14.250419304606186
640,0.722,110.96770343905342,127.98148055162461,119.75468670118727,10.99200438415707
641,0.72,108.99885103347805,130.68744091848984,118.8886192324613,16.49297695691049
642,0.718,110.70972427190046,128.81471401356816,119.55706306218121,14.454763994834472
643,0.716,110.33236274040974,128.18007336950157,119.11645492644195,12.967176205476708
644,0.714,107.61314432483796,129.27802392266685,119.4243538317993,16.855910315328455
645,0.712,110.52442627185737,129.69697388333245,119.2779645189278,15.4617021642975
646,0.71,106.3053873217242,126.41606893630966,118.58212391967155,15.05738799242361
647,0.708,109.53958471230656,127.55879851511105,119.29894307377117,13.72708063966045
648,0.706,108.00967343781024,126.3086835021958,118.4584999343711,15.432789404646726
649,0.704,111.32587065519425,127.04859128233986,118.91573961432229,12.247547871686203
650,0.702,107.1611858317921,128.3822959704657,119.2873979811545,14.971900830925525
651,0.7,110.71566803552588,128.7305505042691,119.26681111270615,14.661921850884715
652,0.698,108.91051846152268,127.28942682424503,118.3923763259601,13.451022445045902
653,0.696,110.6631522865704,127.61012997606869,119.2854281901933,12.007305069473627
654,0.694,110.78158234755698,126.33194278650927,118.20045633972303,14.286134733401724
655,0.692,108.8209095971958,129.4891627269472,118.58457388933319,13.127408108082362
656,0.69,108.15672959058878,127.61227196049913,118.09208965044641,14.933132841668302
657,0.688,108.8784367734178,129.2562195537716,117.54567077020795,12.617429650248994
658,0.6859999999999999,109.71696035634034,127.25524097215964,118.9405719637159,11.02571351066649
659,0.6839999999999999,109.77714882854697,126.28649535564779,118.8314320368489,13.089359557295175
660,0.6819999999999999,108.03064566329648,130.68229457425434,118.29816025500305,15.884098625517662
661,0.6799999999999999,111.25602934451604,127.48010244889478,118.38690545395573,12.739689681701947
662,0.6779999999999999,107.95407274398093,128.17295938989744,117.87504019196138,15.534760053758395
663,0.6759999999999999,108.507328026593,128.17376272333294,117.99480429493187,14.162421021848436
664,0.6739999999999999,107.71062703427044,128.12399265176035,117.21462468147757,16.28108642410215
665,0.6719999999999999,106.83366462892359,126.57784692746205,117.5554928226072,15.739537453681134
666,0.6699999999999999,107.38440470590112,128.80404978784293,118.0467693603247,15.495274730682393
667,0.6679999999999999,110.02402438248723,128.66656217675643,118.00818572295995,16.143848669891476
668,0.6659999999999999,107.20096516582957,129.90180944470654,117.89001796215449,16.048050211478845
669,0.6639999999999999,106.77455422902486,131.00678024995096,117.56544277000924,15.183049911928933
670,0.6619999999999999,106.98741721512792,125.82253334158743,116.66156574342907,15.391070059868145
671,0.6599999999999999,108.46020074167762,125.90077664895693,117.31522156370107,14.914619870611222
672,0.6579999999999999,109.33864159296176,128.23807109954876,117.46031669480794,14.718057098678013
673,0.6559999999999999,106.27150337193387,126.66643455592913,116.99798470432233,14.665379253138934
674,0.6539999999999999,106.88955319593731,126.67975712522933,117.29517413743845,15.388796294773382
675,0.6519999999999999,107.49011432411629,128.65186462556295,117.73222084792256,15.967734824100047
676,0.6499999999999999,106.82220762679573,128.7227401063193,117.41834101452275,18.608877073174018
677,0.6479999999999999,107.90674325348746,128.16779721946625,118.08442037851114,12.853808810557199
678,0.6459999999999999,103.67645672275856,127.61174263966788,116.54146675603224,16.139966824687427
679,0.6439999999999999,108.50637055578572,126.16531652431972,116.53556566131073,14.627316534026455
680,0.6419999999999999,110.29786271882328,126.23051851824377,117.62061772713267,13.121923554790188
681,0.6399999999999999,105.85657432745695,124.99427682251971,116.62803414329412,12.470981767499245
682,0.6379999999999999,107.56303750867812,127.52722111889867,118.00840740354421,14.202089064460615
683,0.6359999999999999,108.16873860996614,129.61522600373405,116.53895327376046,13.040987069251722
684,0.6339999999999999,107.19459519864594,127.40936340078737,116.99480695275906,13.361725118010412
685,0.6319999999999999,106.79487457718773,128.40608982450638,116.38730589796191,15.44443736747155
686,0.6299999999999999,106.49343367460932,126.5171570977393,115.7906474513658,15.716975222970488
687,0.6279999999999999,107.51114635708046,126.8797761574616,116.59683894550741,16.545484515218597
688,0.6259999999999999,108.63669245570719,126.33559532044688,116.77575631973427,12.102683848916099
689,0.6240000000000001,108.87092446753282,129.90296013863815,116.43701979133853,15.118986127245892
690,0.6220000000000001,107.45924596260082,125.97083874392139,115.8228498576663,13.053683942339731
691,0.6200000000000001,106.58048147091654,125.63837679713562,116.46465174780457,13.617801114689634
692,0.6180000000000001,106.15102735086133,125.99657186287475,116.44862695456919,15.197715319040988
693,0.6160000000000001,107.89704271686307,126.64958961146206,116.15801877154666,15.598925421041923
694,0.6140000000000001,106.87516894432879,125.43937709492067,116.07281971364804,16.53761018856533
695,0.6120000000000001,104.91337522649113,125.83083222589889,115.48386846002312,13.21081365765944
696,0.6100000000000001,104.00916187782687,125.74882308773525,115.912025550567,15.132560361577594
697,0.6080000000000001,104.29219981373325,128.1427790631854,114.97334055404654,16.717088022977677
698,0.6060000000000001,103.52730255243893,130.97198908287166,115.47624660500476,17.46586864420889
699,0.6040000000000001,105.49006942126404,126.81060538093692,115.0967806657222,16.583628091951958
700,0.6020000000000001,106.83052545170247,123.09810133348981,115.41162177761409,13.243229201834541
701,0.6000000000000001,105.79719539611119,126.9246716940516,115.24662458161818,14.492333676791398
702,0.5980000000000001,102.95102095171632,125.18268432962986,114.97476544447801,15.610546091046613
703,0.5960000000000001,102.92537359310339,123.5021822316843,115.20236716673605,14.354846157625587
704,0.5940000000000001,105.86955294534174,124.77108145750866,115.08549999839333,16.530201396746396
705,0.5920000000000001,105.38593130856574,127.50724756422127,115.33397731164999,16.69016989458873
706,0.5900000000000001,106.56077948601262,124.03916102496788,114.83561656186414,13.582918509475775
707,0.5880000000000001,103.90887304402266,125.62614697232954,114.46927843428698,14.67439913353201
708,0.5860000000000001,106.90599466111513,125.80221276621378,114.74239758471514,11.372412969014041
709,0.5840000000000001,105.62706060372517,124.35501036718003,114.7279655785632,11.786695070999562
710,0.5820000000000001,105.13943936777056,126.83407148251821,114.98865220740362,15.795982882233018
711,0.5800000000000001,105.37294707747324,123.0302201584595,114.78129112335303,10.817842161441305
712,0.5780000000000001,104.4731331857243,124.10258448081174,114.27822875930937,14.576950048069152
713,0.5760000000000001,105.59608035369268,125.73454957955589,114.08368008288213,14.468199193583246
714,0.5740000000000001,102.53409000637825,126.45754292376859,113.9876510102622,17.37012551641765
715,0.5720000000000001,104.20277202697582,122.07369545771618,114.15277523572132,12.86692184438441
716,0.5700000000000001,104.132219675242,122.5262880614287,113.68519693784592,13.146417771042106
717,0.5680000000000001,105.6312970670771,123.50692966233169,114.1050448735133,11.091356076082988
718,0.5660000000000001,102.90737978401303,124.27416255377881,114.37648539153096,14.505477071550922
719,0.5640000000000001,102.90839148740345,122.934405738274,113.55962531437693,13.875688535814973
720,0.562,107.43625411544912,124.58500370281376,114.32647156751415,14.553929786504945
721,0.56,105.26754742239895,124.04310178825538,113.72845096833257,12.598446053157515
722,0.558,98.948082944942,122.61366205432995,113.58579640482887,15.470781827627865
723,0.556,104.43158920874154,122.65368382975824,112.38273925588462,10.608962953971888
724,0.554,103.79404082809857,123.8982997047573,113.47653278619767,14.003772755360824
725,0.552,103.63161544761394,123.47644982354112,113.73342318802732,13.078804353342814
726,0.55,102.42689178693742,123.18155954814887,112.9662585688922,12.8432057890805
727,0.548,105.18406085406582,122.60079865370844,113.09395923516954,12.911688060762527
728,0.546,103.39065818132525,122.97501878334498,113.4677847897023,15.480801148529611
729,0.544,101.60196986642586,120.55658033949213,112.10250812086258,15.296829805312829
730,0.542,102.27531615172603,122.61199430771089,113.03985178472507,15.23882794868208
731,0.54,99.76039557290014,123.35037993636153,112.53528894570259,13.733411427941688
732,0.538,103.99721556492327,121.4370994465664,112.46879514668856,13.637370618910996
733,0.536,104.28669131342626,120.06368115465142,112.0288736117207,13.150371044420595
734,0.534,105.83786484126759,123.58482703216488,112.91486076255134,12.448850356453615
735,0.532,101.66673582189341,122.68501551028817,111.89464506598867,15.453188915849339
736,0.53,99.77033779392193,119.33529903510296,112.30357944231,13.361923772141482
737,0.528,102.07861588561624,120.10748241934363,111.49077512308557,18.992951550601777
738,0.526,102.40190601571786,122.6997222261484,111.87296935014157,14.453693936014993
739,0.524,101.27084914436264,119.94315913220075,111.75433823137301,12.095126273993813
740,0.522,102.10483533914044,120.43630148531452,112.17760418019937,14.165206319145478
741,0.52,101.23328312956517,121.36154561294586,111.93116283162024,15.28291277218336
742,0.518,101.35771650218528,122.33588716906692,111.48743184732851,15.693348728397488
743,0.516,99.73408899074367,121.36106546264791,111.98158437725553,14.543769179005414
744,0.514,99.00722691009136,122.25662904987718,111.11545990630663,16.11554535708021
745,0.512,100.86028069147869,124.75878764493726,110.90140283791011,15.084261012383177
746,0.51,101.60609584858892,120.1597857728253,111.78210901028217,14.832666898336386
747,0.508,101.0951072762603,121.20999330603742,111.03881353520477,15.413495719003665
748,0.506,103.67122413639882,120.70805178969906,111.50590509689596,11.226363868811033
749,0.504,100.87271010954271,121.64847009928621,110.85040143904587,15.353743270544065
750,0.502,98.38346960043461,120.6130092406739,110.6079845224597,15.59205533577977
751,0.5,99.78088563878833,120.22970472037555,110.63360482324288,16.252701657856143
752,0.498,102.44599033163134,120.44593145502175,111.30269271632741,14.695051796625165
753,0.496,101.61465414680171,120.07211783285177,109.7938215493882,11.544489865428025
754,0.494,101.0722000193424,123.46478846580814,110.10005968681585,13.74304364533769
755,0.492,100.91453621703133,121.01850337288951,110.32855904860222,17.216143545689285
756,0.49,97.87524643884566,122.05663287194226,110.03006689423606,15.5292997832292
757,0.488,101.52379986056374,118.74703530479445,110.3748514489093,13.613272734641981
758,0.486,98.28396861107345,118.05323952704373,108.95532217488616,14.660590256012329
759,0.484,98.57383508910999,118.5024658203622,109.49479996682612,16.30196832608097
760,0.482,99.46488307584139,117.69793443251353,109.00137768946263,13.182573859837898
761,0.48,99.29280320552365,120.0444243505824,109.10006761616727,14.355138297454271
762,0.478,95.78924826943027,117.34426862849126,109.76313852036,14.142368839495537
763,0.476,98.045844980824,118.73241435138173,108.44931250905216,15.2969590893825
764,0.474,100.15697648734624,119.34418542661325,108.18628218014834,14.663254333334192
765,0.472,99.30398930770991,116.32592493163196,108.63024006541404,12.614339211671842
766,0.47,100.1856426204962,120.2167421689162,108.92418180229029,13.165808000143421
767,0.46799999999999997,99.60054001016604,120.04411592667908,107.80640476550678,11.727782561726226
768,0.46599999999999997,99.51394880863865,120.93648041716776,109.11588688040209,14.252707732575125
769,0.46399999999999997,92.9183518193281,115.44502852981334,107.01743129265,15.329878008042186
770,0.46199999999999997,100.4578412297382,117.18696376446962,108.91946155669572,9.90657188035358
771,0.45999999999999996,99.03378741126105,120.0760681125697,108.23994035630423,14.37646154734943
772,0.45799999999999996,98.42658318667341,114.869548685445,107.18509655890915,12.854964693790901
773,0.45599999999999996,98.61450629125537,118.0795316121281,108.35229668529881,13.854109779516856
774,0.45399999999999996,98.35480578332692,117.89544883738535,108.32529060003186,16.233130734143593
775,0.45199999999999996,97.78081838121267,117.10542470316635,107.43399287235106,14.123780308669573
776,0.44999999999999996,97.9165753013119,119.05191024968292,107.60474115987891,11.319714549858228
777,0.44799999999999995,95.47194470755909,117.93298270302542,107.10765976081194,15.351182791835356
778,0.44599999999999995,99.89915901676335,118.85536761681988,107.21788764323682,11.655465030866791
779,0.44399999999999995,97.90152583487179,115.18086108959702,106.90709237651362,11.446462155324513
780,0.44199999999999995,98.60060823131727,118.38981100618327,106.93249682953203,15.351394359214801
781,0.43999999999999995,96.74966292636636,115.0981064018917,106.49604445191747,14.051842938686079
782,0.43799999999999994,97.13209722415868,115.39605292847543,106.66004487909188,14.678715662946022
783,0.43599999999999994,96.9673710347119,114.91550183789215,107.22996568008327,13.487523196118774
784,0.43399999999999994,99.03410637080154,117.39249837226765,107.42373329679974,14.304032357528262
785,0.43199999999999994,97.81333702505646,115.47073899679111,105.82434994073068,11.743801419284745
786,0.42999999999999994,96.40514192648212,114.93101685386617,106.0437937619649,14.233135335660998
787,0.42799999999999994,96.9054247888767,118.8073411616507,106.08665746712556,13.416591592167885
788,0.42599999999999993,96.2967450730157,114.21970613862669,105.53444784806842,12.197583069353099
789,0.42399999999999993,94.46604805588069,113.02599216007984,105.29017565431188,11.631114373991162
790,0.42199999999999993,98.03564991055853,117.15647026975796,106.3432525095836,14.245060515138714
791,0.41999999999999993,98.01563102586165,115.1069105262501,104.6686969241285,13.14737515271136
792,0.4179999999999999,94.56494637012487,114.2846192069542,104.9785574465678,13.056793369409498
793,0.4159999999999999,94.74419004226581,117.46571914615112,105.40754447705858,17.09619694497497
794,0.4139999999999999,94.43730128867477,111.84896398182913,103.90461736676757,10.282347143283502
795,0.4119999999999999,98.66947670685904,113.06308705928595,105.20790440169938,12.128726494892344
796,0.4099999999999999,93.78044927923642,113.78295256416564,104.86934193636284,14.704942710668668
797,0.4079999999999999,95.48859546137166,112.83581639999883,104.48479387967997,11.341036108044099
798,0.4059999999999999,92.76567778178473,112.51191498339608,104.51910044617537,14.88208657212434
799,0.4039999999999999,96.6056895311531,115.16071839992834,104.78699820612658,12.084176341510442
800,0.4019999999999999,95.22165485270448,113.57233067529968,103.74471216858302,14.352721179204583
801,0.3999999999999999,95.4148401098371,116.89372702598641,103.36233884233114,14.866718086956002
802,0.3979999999999999,96.27667325650066,113.3240309467401,103.59346791796247,13.16056830465116
803,0.3959999999999999,92.81459650879461,112.96111307139164,103.63418046756806,13.980551467528036
804,0.3939999999999999,95.22823982213146,111.75171640149114,103.40200034799628,9.617985639199558
805,0.3919999999999999,95.77499844561328,110.47684010080582,103.04738885954345,10.27983390939117
806,0.3899999999999999,95.54278904727968,110.72667727063813,102.77691484686714,11.0564258528379
807,0.3879999999999999,94.03956752513696,113.9132924840813,102.51252090172716,13.909509121244307
808,0.3859999999999999,94.20373334380788,111.86747974566438,103.34898187549273,13.92961210971129
809,0.3839999999999999,94.66074930716866,111.6552050441982,102.44447935057843,12.844173762557245
810,0.3819999999999999,94.53912826501299,111.50773323374105,102.09664291142917,10.388263068457233
811,0.3799999999999999,91.93054574664876,110.32036875282189,102.52058617281017,15.801710495777241
812,0.3779999999999999,92.01886422709549,114.6954858373318,103.00124374440622,15.29007581892896
813,0.3759999999999999,91.58998003354557,114.55172929382766,101.55518725349492,14.582905931914851
814,0.3740000000000001,90.29586628603727,109.90992950272937,101.56039262342473,15.838151802039333
815,0.3720000000000001,91.64749030113418,108.86571366618735,100.76380716649767,13.046718722729718
816,0.3700000000000001,92.74621275783474,109.08659650763863,101.07052162107993,10.306185785021569
817,0.3680000000000001,93.06649333099291,114.72323104806068,101.61782812187971,14.115497816121518
818,0.3660000000000001,94.18856776692944,107.64528937084862,100.41400895741415,11.238656030025473
819,0.3640000000000001,91.5340230368108,112.23885802449631,100.78396562569623,15.860640599006844
820,0.3620000000000001,91.07451817200355,110.22193341526125,100.59989446181672,13.83570603441419
821,0.3600000000000001,90.48518051825694,110.05646667338166,99.92218221877813,12.465413076897349
822,0.3580000000000001,90.6175323279808,111.6341395238731,100.01355445440423,14.565225788683366
823,0.3560000000000001,89.43422488452214,108.54810327606562,99.50536082233467,14.596094092065753
824,0.3540000000000001,88.52760635912233,111.82981614353432,99.44087399528178,15.367466813763407
825,0.3520000000000001,90.19468296132705,111.3014287740404,99.01015429050379,14.096375562261594
826,0.3500000000000001,86.84779104604075,109.16538513866647,98.536528708941,12.96122906712346
827,0.3480000000000001,91.72767956696703,109.37335558210313,99.49264441402468,14.425347149313609
828,0.3460000000000001,89.1860905726246,108.92305696301082,99.24300331787762,12.958959521687865
829,0.3440000000000001,89.07864479550986,106.53168249726738,97.9061704687465,13.959426953070603
830,0.3420000000000001,87.57323021226235,106.47497277069522,98.37710973777232,13.093710584243476
831,0.3400000000000001,89.5252309835693,110.8890556362885,98.38797196524315,14.56132288614128
832,0.3380000000000001,87.25485784908291,106.46165209434109,97.25259858536039,12.756500687450064
833,0.3360000000000001,85.54642786078415,109.06893920162983,98.50447091961736,14.515201914675782
834,0.3340000000000001,87.27008032700547,103.82320058294036,96.1850699016356,11.999938243321564
835,0.3320000000000001,87.82471716346785,107.10396033033496,96.69431058836088,11.859010996001988
836,0.33000000000000007,85.49913954881241,106.10881313003884,95.28934647269833,13.862540365403426
837,0.32800000000000007,88.5758700528996,105.6543570164269,97.42351460750027,10.707128837362571
838,0.32600000000000007,89.26200761044383,106.50346319409428,97.35630093563586,12.167331343502696
839,0.32400000000000007,87.8315859126033,106.14705613072724,95.85223780438065,11.302655365949958
840,0.32200000000000006,84.64237782484703,104.06473109552405,95.45328499934057,14.28920421988653
841,0.32000000000000006,87.31023692738447,106.46109678256845,96.54575860065731,11.832052617010913
842,0.31800000000000006,85.41778338607972,101.62568576561083,94.70892142337661,10.105037581102271
843,0.31600000000000006,85.1610677148746,103.35592470882189,94.77003872035394,10.336741259457364
844,0.31400000000000006,85.25995910018865,103.5733133610225,94.32047830228775,13.214984683232155
845,0.31200000000000006,85.42250184033796,102.39364077430876,94.1812643781785,11.62002720500052
846,0.31000000000000005,85.63533878859585,105.69758217830704,94.78768761003639,14.745121954226986
847,0.30800000000000005,87.42780517267,103.62565803579164,95.41783159668877,11.43228593889418
848,0.30600000000000005,84.46335100099509,100.49263720247768,93.10581836838344,10.173397486128357
849,0.30400000000000005,84.42601329214585,101.34866592512317,93.28455530772506,11.706860636619492
850,0.30200000000000005,86.2770779918313,104.42788042495415,93.50006957242508,10.740699498789812
851,0.30000000000000004,84.72558340528752,103.20742820297079,92.32814987265718,11.664484594471842
852,0.29800000000000004,81.39840127320268,103.67787359329336,93.59604290623119,12.399798032076626
853,0.29600000000000004,84.40274185889363,103.59596861680099,93.18802382053755,12.652867364323976
854,0.29400000000000004,83.6462079341349,101.64778622971875,93.1014588177687,11.854161553628572
855,0.29200000000000004,82.18543807422765,101.49672327381829,92.36314516582395,13.884746079583362
856,0.29000000000000004,83.46484579879467,104.83134298896513,91.83511406306431,13.713830225555357
857,0.28800000000000003,81.53563193298481,98.28679281345381,91.22567148364416,12.180523987154608
858,0.28600000000000003,82.59825065077405,101.83541635583227,91.19757940618686,12.861310239359613
859,0.28400000000000003,82.61236791234388,97.80219850537881,91.0299753505619,11.42699727679982
860,0.28200000000000003,82.59737325670525,99.59002443846863,90.7799675599532,12.472242621458902
861,0.28,82.95070876060407,99.93303498488781,90.52911669187795,10.74079971935104
862,0.278,83.06846991525569,99.08447532450319,89.68647191928284,9.221674107973
863,0.276,80.12208108768199,97.72910488691107,89.45677970503094,12.739130695426343
864,0.274,82.13192712561604,97.70986858719263,89.31718204642266,10.668338532811335
865,0.272,78.98146106416414,99.14936185778046,88.79989774028455,10.061530170068453
866,0.27,80.12022860354146,95.59359332485684,88.1301034727718,12.635369130897494
867,0.268,80.90648416905407,97.10848320017186,88.53620113466006,11.179128151532552
868,0.266,78.59827835540085,97.2234673898468,87.83930920691569,12.744019339301321
869,0.264,81.37828688486968,96.35976580387563,87.86713617192106,12.471474380483002
870,0.262,78.10664449438525,96.37106744835003,87.8506093456362,12.885483909086256
871,0.26,76.59940346226185,95.91261849726692,86.83268845978746,13.68918541416412
872,0.258,78.30205881333444,95.79021722974417,87.17639198792983,12.729521334982326
873,0.256,77.34270368713544,95.04535886073373,86.16683999813667,10.944122230047823
874,0.254,79.20502795948818,95.09119384026768,86.35785545883932,10.013139653610903
875,0.252,76.96487668152406,94.7655094735626,85.73565061659377,12.394110651717769
876,0.25,75.46394084600355,93.12025835793473,85.62032569270409,8.799132654677665
877,0.248,76.02417515925367,93.23978603239138,83.95631078503872,10.277141620962762
878,0.246,76.59510801802473,94.37664177991101,84.17080450475308,11.87226837735546
879,0.244,75.10858148181926,95.79834998571641,84.69319935736573,12.057997801613729
880,0.242,76.12569116386342,93.07705109237165,84.19278988684786,11.33712443045756
881,0.24,77.94180219010275,91.52749985274973,83.75236456359407,8.445367366143683
882,0.238,77.01533996151018,92.17600479552056,84.71311505010422,9.555416571582807
883,0.236,74.97380697296369,94.06728326045362,83.48010289369716,14.008051302527877
884,0.23399999999999999,73.61356308161153,88.49047482481632,81.86350283157554,9.010597844462936
885,0.23199999999999998,72.08044185535468,89.91574642057874,82.18171123934778,11.312879387209668
886,0.22999999999999998,73.29761651494971,89.48869553555407,81.84101933450198,9.602337767848057
887,0.22799999999999998,73.62625603217975,92.07598241733338,81.34927559180234,10.457418089894393
888,0.22599999999999998,74.95207813408635,89.31982708030239,81.75274926291316,10.715652256729234
889,0.22399999999999998,70.97026397383354,87.52534571853826,80.08608914473619,11.17207486726565
890,0.22199999999999998,73.42163355321964,86.83743491177407,80.10811710187096,9.305608635248472
891,0.21999999999999997,72.42850046900887,87.94473154654784,79.45155498480081,8.620994897782998
892,0.21799999999999997,73.25034473897428,86.61206302696661,79.23995319789162,9.47496285227532
893,0.21599999999999997,73.00426813157377,87.34848561875914,79.46750414688046,8.512052188308264
894,0.21399999999999997,69.47401953819863,85.58108525025902,78.57537213949556,11.187573587444376
895,0.21199999999999997,69.50563571162454,83.91611737150401,77.69592341299716,9.05548610434465
896,0.20999999999999996,72.033716746549,89.78650585616171,78.95534960590076,8.898714141084016
897,0.20799999999999996,70.96405790012233,84.41925442158339,78.13631491678235,7.40521284125849
898,0.20599999999999996,71.1929882488198,86.95564533813267,76.78136521097312,8.627888428648872
899,0.20399999999999996,69.04959393772114,83.1980216712281,76.26512642226879,10.117530303248522
900,0.20199999999999996,70.52360283713082,82.68580189677303,76.4974335165007,7.562237209814733
901,0.19999999999999996,64.28580221209216,82.70652570688782,75.48153688791268,10.452503850878816
902,0.19799999999999995,69.60020680085702,82.61076632532453,76.03730275040866,8.101477538660117
903,0.19599999999999995,66.69249266534547,81.53568195322471,74.50473789431301,6.660264360717395
904,0.19399999999999995,67.24176451375925,81.5238165380539,74.09164210051533,8.001746344915288
905,0.19199999999999995,67.85148661715711,83.48026187621917,74.55696786742598,8.408858889746902
906,0.18999999999999995,64.58463938414849,80.84666189049129,72.10521407439214,8.899088397691457
907,0.18799999999999994,65.19771117292382,79.17140456953581,72.19355099643788,8.510393177843026
908,0.18599999999999994,65.35922773691783,80.21263145580792,72.90705868940773,8.654827014869818
909,0.18399999999999994,66.85194777523019,80.979990376622,73.08505607226331,9.051831219299531
910,0.18199999999999994,62.71104441920237,78.73938553062709,70.75642896646063,9.15645502021653
911,0.17999999999999994,64.59245023833009,82.04107659701441,71.46767927217317,9.075302101106546
912,0.17799999999999994,63.411987086153644,77.45739643883506,69.81566846086388,7.182854284052145
913,0.17599999999999993,62.42329393829648,76.57760162208233,70.07564059412101,6.176892609910978
914,0.17399999999999993,62.6495075231886,80.14439845668855,68.8413914721271,6.859412393589112
915,0.17199999999999993,62.400433789716054,75.63278311596548,69.47833558941974,6.36761850386311
916,0.16999999999999993,60.83918456329032,76.24629684547394,68.4605065818823,7.711637186748416
917,0.16799999999999993,60.63715716186988,73.75641296971091,67.81373499591652,6.8333559342637225
918,0.16599999999999993,62.0005949677564,75.16585305381344,68.50284933659935,6.456068371352403
919,0.16399999999999992,59.26938160596674,71.98942605528396,66.32254154354895,6.66713301233978
920,0.16199999999999992,61.02327676811594,72.45262524699989,66.66129561020574,6.158789125556412
921,0.15999999999999992,57.449092687821725,76.28111268260213,66.36959864460854,6.784300892237037
922,0.15799999999999992,59.39412663444186,72.82638749312964,65.1545194994015,6.427902370778412
923,0.15599999999999992,58.40828711755418,70.13161956811527,64.72897946893464,5.898974939546266
924,0.15399999999999991,58.987765287967065,70.4120942888488,64.33267840641409,5.963321676461414
925,0.1519999999999999,57.26222846305634,71.98501867757227,63.777199475916454,6.298435133809682
926,0.1499999999999999,57.58177115798466,69.4977232879812,62.73409991228501,5.227825914045554
927,0.1479999999999999,57.31414463532889,69.58692757194441,63.05487693341371,5.893550523865387
928,0.1459999999999999,55.03670082891871,68.6187572683024,61.494886081221225,6.415254225137447
929,0.1439999999999999,54.7325392024877,68.59778801620223,61.93926683828431,6.363363280148593
930,0.1419999999999999,54.35255588077901,67.8623806924975,60.27295966697469,5.3071639182250765
931,0.1399999999999999,53.64985514693453,67.46263110535119,61.574715876749885,6.70368139162994
932,0.1379999999999999,52.77490546757774,66.14503642386092,59.79134471982283,6.281381386484922
933,0.1359999999999999,53.468443489839615,66.03021007568331,59.97315686593979,5.545874786440125
934,0.1339999999999999,50.749751876278424,63.38145959723735,58.64758212461255,5.201003911925899
935,0.1319999999999999,52.317973336367416,63.47324777237609,57.535841254141246,4.542093778298412
936,0.1299999999999999,51.40610925652757,65.3362515737297,57.22187649785046,5.639848335578107
937,0.1279999999999999,51.92333638491298,64.21345854571683,57.37997294181418,4.409035331395588
938,0.1259999999999999,51.70853317456909,61.280396420875476,56.54286084230472,5.111302221232766
939,0.12400000000000011,50.471732616227385,60.94427680443587,55.42734470892539,4.54316387299758
940,0.12200000000000011,50.3740003253749,60.93797802221373,54.66481942911264,5.1435248196416685
941,0.1200000000000001,49.25235680471428,60.09040034826275,54.17272977182114,4.8444821296954474
942,0.1180000000000001,48.528669506315225,58.8520369383983,52.40758406270447,4.58613970275026
943,0.1160000000000001,47.78414331684,58.657492057805406,52.63992108109338,4.157235396134085
944,0.1140000000000001,48.38779854925177,59.09277586570006,53.064719252409816,3.7528734481091175
945,0.1120000000000001,45.372694189450804,58.030000455711225,51.456097986815024,4.237139607724423
946,0.1100000000000001,45.882188514556745,57.08894506811673,51.338965070525106,3.821953835068649
947,0.1080000000000001,46.26432583573461,56.41158744546928,50.745942071128646,3.2280809700106894
948,0.1060000000000001,42.98746341908086,53.936057343179534,49.22541190245267,4.163390590702597
949,0.10400000000000009,45.19804539003868,55.239698944913954,49.723187194717724,3.8334436344761893
950,0.10200000000000009,45.569944941505746,54.24417071507648,49.21666053689018,2.99275106185678
951,0.10000000000000009,42.12577460173951,51.86916607535119,47.1229009244219,3.6488709046655243
952,0.09800000000000009,44.396987384619685,51.228998030878,47.661943009655744,2.603252853562496
953,0.09600000000000009,41.912752998600226,49.91054406214039,46.26025821748266,2.7865630976808315
954,0.09400000000000008,42.2802060716802,50.7726105709008,46.35583504770512,2.6415855148669802
955,0.09200000000000008,41.78904033813074,49.5926701428817,45.490041576851894,2.476447315419248
956,0.09000000000000008,39.86637162771528,48.866145299372036,44.141995965448274,2.8139228370366296
957,0.08800000000000008,39.95361484710745,47.98113455944275,44.097904689117584,2.626039911483232
958,0.08600000000000008,39.56448978276709,48.083466355079594,43.573733292872575,2.5048366133735387
959,0.08400000000000007,38.917940496642906,45.88811603432106,42.307361683942716,2.029771964109634
960,0.08200000000000007,35.40611547420835,46.34532220489166,41.710929835204084,2.6791439801267263
961,0.08000000000000007,38.2638872237563,46.58349193618392,41.86274882794091,2.1786035468850753
962,0.07800000000000007,37.271506917993285,44.8950716266006,40.43922749554879,2.2859154209773407
963,0.07600000000000007,37.187961500000824,44.645765398739606,40.46330438089564,2.171682958445894
964,0.07400000000000007,35.45468246805091,42.70375787314502,38.970133310421815,2.117353813595944
965,0.07200000000000006,34.83121107560177,42.9070274448287,38.58154954424171,2.215088055169214
966,0.07000000000000006,34.064814527124405,41.34179690328863,37.36518693625534,1.9476713932405803
967,0.06800000000000006,32.73004340903412,39.924150709893766,36.74504368355695,2.1487213887320293
968,0.06600000000000006,32.90606839104415,40.550143115543236,37.321627695420005,2.1913285622182404
969,0.06400000000000006,32.5902043560839,38.882304919588606,35.46470136785202,1.5884996597466714
970,0.062000000000000055,32.30642944604055,40.06663667495974,35.28283960888233,1.5699320892119732
971,0.06000000000000005,31.051624904572215,37.35402596420353,34.046385547377064,1.3734115923413757
972,0.05800000000000005,30.635276409139703,36.256048560740794,33.55123721606987,1.3652649879883072
973,0.05600000000000005,29.209696089154633,35.90302746534002,32.51992298500606,1.5662652319525725
974,0.05400000000000005,29.62166822112097,34.74025179353286,31.688909621316498,1.0425428855193892
975,0.052000000000000046,27.733004209891085,33.90679627612167,30.694842940652862,1.2089892611965731
976,0.050000000000000044,26.55150580618659,32.418633341961836,29.917208721503204,1.109472805916559
977,0.04800000000000004,27.174322528508014,32.62283251431164,29.53980635156426,0.9376872218663629
978,0.04600000000000004,26.465862096112048,31.116410764413434,28.71266024727911,0.8076056829635437
979,0.04400000000000004,26.014115888640582,30.921167662956016,28.334687567014065,1.0060892303385907
980,0.04200000000000004,25.45130383185154,29.837109426028782,27.310366465675926,0.7596258469597187
981,0.040000000000000036,24.335047273385932,28.892708790926854,26.631488383094627,0.8234000178443653
982,0.038000000000000034,24.437181106426415,28.077265628867064,25.913907797016797,0.6808560046142244
983,0.03600000000000003,23.124328699864044,26.887101286434685,25.235935565508015,0.6493502380375928
984,0.03400000000000003,21.65394811250188,26.07905323753235,24.321565444899377,0.6307388408964296
985,0.03200000000000003,22.110546741133085,26.434642345559087,24.24260640477393,0.5878845243004319
986,0.030000000000000027,21.036476321057894,24.888415378200165,22.714480434058487,0.4466497631867906
987,0.028000000000000025,20.257062930699604,24.44277433645056,22.441987490030613,0.6274484441187593
988,0.026000000000000023,19.54557459822483,23.06473944231332,21.099898483295817,0.3709848503222884
989,0.02400000000000002,19.345024413121443,23.05761372020198,20.95344621256291,0.421267317773317
990,0.02200000000000002,18.560622730889843,22.042675481272056,20.154616470622972,0.44914450818646734
991,0.020000000000000018,17.670038213462465,20.767753458732905,19.356017052139237,0.35856202157458544
992,0.018000000000000016,17.3420677434266,20.177987850922527,18.42520041391882,0.24725633577809453
993,0.016000000000000014,16.153621481428388,19.05297578656453,17.50685763172074,0.3274162443173195
994,0.014000000000000012,15.505151851114574,17.915589504688548,16.51907767609913,0.20163429882973496
995,0.01200000000000001,14.492996086179144,17.152808349305623,15.39180946887225,0.1946398158358226
996,0.010000000000000009,13.919744046227708,16.400313230176845,14.588440312118488,0.10856859848530916
997,0.008000000000000007,13.733541124364441,15.067645385055044,14.16865416651401,0.051395815706578064
998,0.006000000000000005,13.385030964394566,14.18387871062518,13.659873461324743,0.02403855091549386
999,0.0040000000000000036,13.31673360459493,17.056349218517667,13.897225871638227,0.19049465523854525
1000,0.0020000000000000018,13.345303454665856,14.041704544065123,13.58500391640738,0.021724755975818168
